Gender,Married,Dependents,Education,Self_Employed,Loan_Amount_Term,Credit_History,Loan_Status,ApplicantIncome_log,CoapplicantIncome_log,TotalIncome_log,LoanAmount_log,EMI,BalanceIncome,IncomeLoanRatio,Property_Area_Rural,Property_Area_Semiurban,Property_Area_Urban
1,0,0,0,0,360.0,1.0,1,8.674196940225903,0.0,8.674196940225903,4.859812404361672,0.35555555555555557,5493.444444444444,45.34108527131783,0,0,1
1,1,1,0,0,360.0,1.0,0,8.430327258394575,7.319202458767849,8.714731714015052,4.859812404361672,0.35555555555555557,5735.444444444444,47.21705426356589,1,0,0
1,1,0,0,1,360.0,1.0,1,8.006700845440367,0.0,8.006700845440367,4.204692619390966,0.18333333333333332,2816.6666666666665,44.776119402985074,0,0,1
1,1,0,1,0,360.0,1.0,1,7.857093864902493,7.765993079407675,8.505525386548555,4.795790545596741,0.3333333333333333,4607.666666666667,40.83471074380165,0,0,1
1,0,0,0,0,360.0,1.0,1,8.699681400989514,0.0,8.699681400989514,4.955827057601261,0.39166666666666666,5608.333333333333,42.25352112676056,0,0,1
1,1,2,0,1,360.0,1.0,1,8.59748202264504,8.34212526333359,9.170975648453906,5.5909869805108565,0.7416666666666667,8871.333333333334,35.86940298507463,0,0,1
1,1,0,1,0,360.0,1.0,1,7.755338812846501,7.324489979348532,8.25582842728183,4.564348191467836,0.2638888888888889,3585.1111111111113,40.09375,0,0,1
1,1,3,0,0,360.0,0.0,0,8.01862546504575,7.826044013518965,8.61993026886735,5.0689042022202315,0.4388888888888889,5101.111111111111,34.84276729559748,0,1,0
1,1,2,0,0,360.0,1.0,1,8.295798110636145,7.3310603052186325,8.618485442898109,5.1298987149230735,0.4666666666666667,5065.333333333333,32.73372781065089,0,0,1
1,1,1,0,0,360.0,1.0,0,9.460476328353995,9.302828391411333,10.077860939480908,5.857933154483459,0.9694444444444444,22839.555555555555,68.02571428571429,0,1,0
1,1,2,0,0,360.0,1.0,1,8.071218539969863,6.55250788703459,8.268988209506656,4.2626798770413155,0.19444444444444445,3705.5555555555557,54.929577464788736,0,0,1
1,1,2,0,0,360.0,1.0,1,7.824445930877619,7.518064181233078,8.375860015299594,4.700480365792417,0.30277777777777776,4037.222222222222,39.45454545454545,0,0,1
1,1,2,0,0,360.0,1.0,1,8.03073492409854,9.000483164987708,9.32188174670909,5.303304908059076,0.5555555555555556,10623.444444444445,55.61691542288557,0,0,1
1,0,0,0,0,360.0,1.0,0,7.5251007461258,7.951911381854188,8.454040376410969,4.74493212836325,0.31666666666666665,4376.333333333333,40.80869565217391,1,0,0
1,1,2,0,0,120.0,1.0,1,7.170119543449628,6.99117688712121,7.777373602657861,2.8903717578961645,0.14166666666666666,2243.3333333333335,132.5,0,0,1
1,0,0,0,0,360.0,1.0,1,8.507344855361422,0.0,8.507344855361422,4.836281906951478,0.3472222222222222,4602.777777777777,39.285714285714285,0,0,1
1,0,1,1,0,240.0,1.0,1,8.187855443695623,0.0,8.187855443695623,4.61512051684126,0.4166666666666667,3179.3333333333335,35.603960396039604,0,0,1
0,0,0,0,0,360.0,0.0,0,8.163656176168432,0.0,8.163656176168432,4.343805421853684,0.2111111111111111,3298.8888888888887,45.58441558441559,0,0,1
1,1,0,1,0,360.0,1.0,0,8.494538500851432,0.0,8.494538500851432,4.897839799950911,0.36944444444444446,4517.555555555556,36.47014925373134,1,0,0
1,1,0,0,0,360.0,1.0,1,7.8636512654486515,8.160803920954665,8.716207971151853,4.7535901911063645,0.3194444444444444,5780.555555555556,52.58620689655172,0,0,1
1,1,0,1,0,360.0,0.0,0,8.94389780251682,0.0,8.94389780251682,4.653960350157523,0.28888888888888886,7371.111111111111,72.95238095238095,0,0,1
1,1,1,0,0,360.0,1.0,1,8.6921543938039,8.635153989049803,9.357121103184378,5.755742213586912,0.875,10705.0,36.64556962025316,0,0,1
1,1,0,1,0,360.0,0.0,0,7.8636512654486515,7.555905093611346,8.414495793177895,4.762173934797756,0.32222222222222224,4188.777777777777,38.55555555555556,0,1,0
1,1,2,1,0,360.0,0.0,0,8.121480374750751,7.559038255443384,8.572249397164315,4.727387818712341,0.3111111111111111,4970.888888888889,46.743362831858406,1,0,0
1,1,1,0,0,360.0,1.0,0,8.220941168281389,7.98139158158007,8.80131894766524,5.0238805208462765,0.41944444444444445,6222.555555555556,43.69736842105263,0,1,0
1,1,0,0,1,360.0,1.0,1,9.165447603085447,0.0,9.165447603085447,5.2574953720277815,0.5305555555555556,9029.444444444445,49.791666666666664,0,1,0
1,1,0,0,0,360.0,1.0,1,7.937374696163295,7.720461694599722,8.527737405291909,4.812184355372417,0.3388888888888889,4713.111111111111,41.073170731707314,0,1,0
1,1,2,1,0,360.0,1.0,1,8.34924780056679,6.947937068614969,8.569216219483389,4.709530201312334,0.3055555555555556,4960.444444444444,47.44144144144144,0,0,1
1,0,0,1,0,360.0,1.0,0,7.274479558773871,0.0,7.274479558773871,3.58351893845611,0.09722222222222222,1344.7777777777778,40.05555555555556,0,0,1
0,0,2,0,0,360.0,1.0,1,8.229777750081887,7.642044402873258,8.671458150427666,4.795790545596741,0.3333333333333333,5499.666666666667,48.20661157024794,0,1,0
1,1,1,0,0,360.0,1.0,0,8.334951631422454,8.122668023346407,8.927446816256198,5.308267697401205,0.5583333333333333,6976.666666666667,37.301980198019805,0,0,1
1,0,0,0,0,360.0,1.0,0,8.060855752934316,0.0,8.060855752934316,4.31748811353631,0.20555555555555555,2961.4444444444443,42.22666666666667,0,0,1
1,0,1,0,1,360.0,1.0,0,8.453827315794417,0.0,8.453827315794417,4.672828834461906,0.29444444444444445,4397.555555555556,43.850467289719624,1,0,0
1,1,0,0,0,360.0,1.0,1,8.160803920954665,7.419380582918692,8.550241045462437,4.74493212836325,0.31666666666666665,4850.333333333333,44.93043478260869,0,1,0
1,0,3,0,0,360.0,1.0,0,9.433563920090563,8.006700845440367,9.648659816955295,5.771441123130016,0.8888888888888888,14611.111111111111,48.28660436137071,1,0,0
1,1,0,0,0,360.0,1.0,1,7.730174795246222,7.63433723562832,8.376320632534823,4.859812404361672,0.35555555555555557,3986.4444444444443,33.65891472868217,0,0,1
1,1,0,0,0,360.0,0.0,0,7.511524648390866,7.193685818395112,8.058010800802085,4.61512051684126,0.2777777777777778,2880.222222222222,31.26732673267327,0,0,1
0,1,0,0,0,360.0,1.0,1,8.207401833376355,7.286191714702382,8.5422759717837,4.976733742420574,0.4,4726.0,35.351724137931036,0,1,0
1,0,0,0,0,360.0,1.0,1,8.334951631422454,8.88336291691676,9.339349052539717,5.220355825078324,0.5111111111111111,10864.888888888889,61.49189189189189,0,0,1
1,0,0,1,0,360.0,1.0,1,8.229244416735913,7.419979923661835,8.597297435657898,4.709530201312334,0.3055555555555556,5110.444444444444,48.792792792792795,0,1,0
1,0,0,0,0,360.0,1.0,0,8.188966863648876,0.0,8.188966863648876,4.394449154672439,0.2222222222222222,3377.777777777778,44.44444444444444,0,0,1
1,0,0,0,0,360.0,1.0,1,7.496097345175956,7.101675971619444,8.01102337918644,3.871201010907891,0.13055555555555556,2882.4444444444443,62.770833333333336,0,0,1
1,1,0,0,0,360.0,1.0,1,7.783640596221253,0.0,7.783640596221253,4.330733340286331,0.20833333333333334,2191.6666666666665,31.57894736842105,0,0,1
1,1,0,0,0,360.0,1.0,1,8.279443487712665,7.756623334538858,8.744806737401898,4.90527477843843,0.37222222222222223,5904.777777777777,46.49629629629629,0,1,0
1,1,0,1,1,360.0,1.0,1,8.454466361507933,0.0,8.454466361507933,4.574710978503383,0.26666666666666666,4428.333333333333,48.402061855670105,0,0,1
0,0,0,0,0,360.0,1.0,1,8.134760782418645,0.0,8.134760782418645,4.48863636973214,0.24444444444444444,3165.5555555555557,38.31460674157304,0,0,1
1,1,1,0,0,360.0,1.0,1,8.639410824140487,0.0,8.639410824140487,3.8066624897703196,0.12222222222222222,5526.777777777777,125.53333333333333,0,0,1
1,1,0,0,0,360.0,1.0,1,8.669399124305569,0.0,8.669399124305569,4.976733742420574,0.4,5421.0,40.144827586206894,0,0,1
0,1,0,0,0,360.0,0.0,0,7.880804344674901,8.14351740579748,8.713746330456916,4.795790545596741,0.3333333333333333,5751.666666666667,50.289256198347104,0,0,1
0,0,0,0,0,360.0,1.0,1,8.294299608857235,7.730174795246222,8.744488113852924,4.976733742420574,0.4,5875.0,43.275862068965516,0,1,0
0,1,0,1,0,360.0,1.0,1,7.564757012905729,7.405495663199472,8.181160858023409,4.61512051684126,0.2777777777777778,3294.222222222222,35.366336633663366,0,1,0
0,0,0,0,0,360.0,1.0,1,8.034955024502159,0.0,8.034955024502159,4.795790545596741,0.3333333333333333,2752.6666666666665,25.50413223140496,0,1,0
0,0,0,0,0,360.0,1.0,0,8.350193650720067,0.0,8.350193650720067,4.727387818712341,0.3111111111111111,3918.8888888888887,37.43362831858407,0,1,0
1,1,2,0,0,360.0,1.0,0,8.43750042250699,0.0,8.43750042250699,4.90527477843843,0.37222222222222223,4243.777777777777,34.19259259259259,0,0,1
0,1,1,0,1,360.0,0.0,0,9.350189267092581,0.0,9.350189267092581,5.659482215759621,0.7944444444444444,10705.555555555555,40.069686411149824,0,0,1
1,1,2,0,0,360.0,1.0,1,7.904334842085095,7.0630481633881725,8.262558973010657,4.584967478670572,0.26944444444444443,3605.5555555555557,39.54081632653061,0,1,0
1,1,0,0,0,360.0,1.0,1,7.665284718471351,7.3727463664043285,8.222553638396958,4.574710978503383,0.26666666666666666,3456.3333333333335,38.381443298969074,0,1,0
1,1,0,0,0,360.0,1.0,0,8.121777419161074,7.696667081526462,8.624611588183507,4.912654885736052,0.375,5191.0,40.9264705882353,1,0,0
1,1,1,0,0,360.0,1.0,1,8.997270906233448,7.719129840906732,9.242904362849446,5.198497031265826,0.5,9830.0,57.07182320441989,0,0,1
1,1,2,1,0,360.0,1.0,1,8.119100837637486,7.958576903813898,8.735042754269337,4.976733742420574,0.4,5816.0,42.86896551724138,0,0,1
1,1,0,0,0,360.0,1.0,1,7.824445930877619,8.241966560231802,8.747828608488742,4.795790545596741,0.3333333333333333,5962.666666666667,52.03305785123967,0,0,1
1,1,3,0,0,360.0,1.0,1,8.016317898503415,0.0,8.016317898503415,4.605170185988092,0.275,2754.0,30.29,0,0,1
1,1,0,1,1,180.0,0.0,0,7.867105500316739,8.146129510025405,8.70930004894499,5.111987788356544,0.9166666666666666,5141.333333333333,36.493975903614455,1,0,0
1,1,1,0,0,360.0,0.0,0,8.506334448081361,0.0,8.506334448081361,4.859812404361672,0.35555555555555557,4589.444444444444,38.333333333333336,1,0,0
0,0,0,0,0,360.0,0.0,0,8.334951631422454,0.0,8.334951631422454,4.762173934797756,0.32222222222222224,3843.777777777778,35.60683760683761,0,1,0
1,1,0,0,0,360.0,1.0,0,8.652947112393857,8.432941638968646,9.242032818708672,5.556828061699537,0.7166666666666667,9604.333333333334,39.84942084942085,0,1,0
1,0,0,1,0,180.0,0.0,0,8.071218539969863,7.720905251936779,8.604287898267172,4.844187086458591,0.7,4754.0,42.94488188976378,0,0,1
1,1,1,0,0,360.0,1.0,1,9.282754052485227,0.0,9.282754052485227,5.746203190540153,0.8666666666666667,9883.333333333334,34.34504792332268,0,0,1
1,1,3,1,1,60.0,1.0,1,8.867990898182093,0.0,8.867990898182093,4.836281906951478,2.0833333333333335,5016.666666666666,56.34920634920635,0,0,1
0,0,0,0,0,360.0,0.0,0,8.366602832783736,0.0,8.366602832783736,4.919980925828125,0.37777777777777777,3922.222222222222,31.386861313868614,0,1,0
1,1,0,0,0,360.0,1.0,1,8.073714641109857,8.028455164114252,8.744328763999984,5.153291594497779,0.4777777777777778,5796.222222222223,36.26589595375722,0,0,1
1,1,2,1,1,360.0,1.0,1,7.53689712956617,7.53689712956617,8.229777750081887,4.584967478670572,0.26944444444444443,3480.5555555555557,38.265306122448976,0,1,0
1,0,0,0,0,300.0,1.0,1,8.160803920954665,0.0,8.160803920954665,4.406719247264253,0.27,3230.0,42.68292682926829,0,1,0
1,1,3,1,0,360.0,0.0,0,8.467162257810672,0.0,8.467162257810672,4.564348191467836,0.2638888888888889,4491.111111111111,49.53125,0,1,0
1,1,3,0,1,360.0,1.0,1,8.569216219483389,7.4815557019095165,8.859505484519133,5.236441962829949,0.5194444444444445,6520.555555555556,37.4468085106383,0,1,0
1,0,0,0,0,480.0,1.0,0,8.229777750081887,0.0,8.229777750081887,4.736198448394496,0.23541666666666666,3514.5833333333335,32.89473684210526,0,0,1
1,0,0,0,0,360.0,1.0,0,8.229777750081887,8.46611040118692,9.04793908261736,5.176149732573829,0.4888888888888889,8011.111111111111,48.0225988700565,0,0,1
1,1,1,0,1,360.0,1.0,0,6.90875477931522,8.014004994779459,8.299783171949787,4.709530201312334,0.3055555555555556,3716.4444444444443,36.234234234234236,0,0,1
1,1,3,0,0,300.0,0.0,0,8.060855752934316,8.294299608857235,8.877381954654766,5.198497031265826,0.6,6567.0,39.59668508287293,0,1,0
1,1,3,1,1,360.0,1.0,1,8.111928063310739,7.681099001536359,8.612503371220562,4.875197323201151,0.3611111111111111,5137.888888888889,41.97709923664122,0,1,0
0,0,0,0,0,360.0,1.0,1,8.255048902752295,0.0,8.255048902752295,4.718498871295094,0.30833333333333335,3537.6666666666665,34.339285714285715,0,1,0
1,1,1,0,1,360.0,1.0,1,7.78155595923534,0.0,7.78155595923534,4.859812404361672,0.35555555555555557,2039.4444444444443,18.565891472868216,0,1,0
0,1,2,0,0,360.0,1.0,0,7.229113877793302,7.540090320145325,8.089482474360754,5.123963979403259,0.4638888888888889,2795.1111111111113,19.398809523809526,0,0,1
1,1,0,0,0,360.0,1.0,0,8.699681400989514,7.719129840906732,9.018089684104343,5.583496308781699,0.7361111111111112,7513.888888888889,31.015037593984964,0,1,0
1,1,1,0,0,240.0,1.0,1,8.291295851905407,0.0,8.291295851905407,3.9318256327243257,0.20833333333333334,3779.6666666666665,78.19607843137256,0,0,1
1,0,0,0,0,360.0,1.0,1,7.769378609513984,7.836764783264067,8.496582237512113,4.919980925828125,0.37777777777777777,4519.222222222223,35.74452554744526,0,1,0
1,1,2,1,0,360.0,1.0,1,8.111928063310739,7.601402334583733,8.58185670474196,4.605170185988092,0.275,5058.0,53.33,0,1,0
1,1,0,0,0,360.0,1.0,1,7.824445930877619,7.6586995582682995,8.437933510430605,4.653960350157523,0.28888888888888886,4329.111111111111,43.98095238095238,0,1,0
1,0,0,0,0,360.0,1.0,1,9.055672891964043,0.0,9.055672891964043,5.351858133476067,0.5833333333333334,7982.666666666667,40.59715639810427,0,0,1
1,1,0,0,0,360.0,1.0,1,8.647519453091812,8.335191583433202,9.196545660953994,5.170483995038151,0.4861111111111111,9375.888888888889,56.03409090909091,0,1,0
1,1,0,0,0,360.0,1.0,1,7.99260665240021,7.972810784121404,8.675734219544788,4.882801922586371,0.3638888888888889,5494.111111111111,44.378787878787875,0,1,0
1,1,2,0,0,180.0,1.0,1,8.740496729931813,8.640295388550221,9.384713758920963,5.241747015059643,1.0444444444444445,10859.555555555555,62.98412698412698,0,1,0
1,1,2,1,0,360.0,1.0,1,8.09376775793108,7.507141079727608,8.535818655539403,4.406719247264253,0.225,4868.0,62.109756097560975,0,0,1
1,0,0,0,0,360.0,1.0,1,8.327000740241713,0.0,8.327000740241713,4.812184355372417,0.3388888888888889,3794.1111111111113,33.60162601626016,0,1,0
1,0,0,1,0,120.0,1.0,1,8.19450550976564,0.0,8.19450550976564,3.258096538021482,0.20833333333333334,3411.6666666666665,139.23076923076923,0,1,0
1,0,0,0,0,360.0,1.0,0,8.82217476094608,0.0,8.82217476094608,4.859812404361672,0.35555555555555557,6426.444444444444,52.57364341085271,0,0,1
0,1,0,0,0,360.0,1.0,1,7.818027938530729,7.741967899820685,8.473659189392508,4.927253685157205,0.38055555555555554,4405.444444444444,34.68115942028985,0,1,0
1,1,0,0,0,360.0,1.0,1,7.589841512182657,6.905753276311464,7.99799931797973,3.9318256327243257,0.1388888888888889,2835.1111111111113,58.31372549019608,0,1,0
1,1,0,1,0,180.0,1.0,1,8.340217320947035,0.0,8.340217320947035,4.7535901911063645,0.6388888888888888,3549.1111111111113,36.10344827586207,0,1,0
1,1,0,0,0,360.0,1.0,1,7.473069088032197,8.17244681834278,8.575650760987806,4.882801922586371,0.3638888888888889,4936.111111111111,40.15151515151515,0,1,0
1,1,2,1,0,180.0,1.0,1,8.36380888451688,8.090708716083997,8.929567707825337,4.897839799950911,0.7388888888888889,6812.111111111111,56.350746268656714,0,0,1
1,0,0,0,0,360.0,1.0,1,8.485496104672983,8.244596756382498,9.065314599925925,5.0238805208462765,0.41944444444444445,8229.555555555555,56.901315789473685,0,1,0
1,1,0,0,0,360.0,1.0,1,9.521568058002977,0.0,9.521568058002977,4.859812404361672,0.35555555555555557,13294.444444444445,105.81395348837209,0,0,1
1,1,0,0,0,360.0,1.0,1,8.445267451844648,8.18423477409482,9.01627006814768,4.859812404361672,0.35555555555555557,7879.444444444444,63.83720930232558,0,1,0
1,1,0,0,0,360.0,1.0,1,8.247220052745229,6.626717749249025,8.427487278331744,5.081404364984463,0.4444444444444444,4125.555555555556,28.385093167701864,0,0,1
1,1,1,0,0,360.0,1.0,1,8.023879992734878,6.93828448401696,8.314587291319576,4.61512051684126,0.2777777777777778,3804.222222222222,40.415841584158414,0,0,1
1,1,2,0,0,360.0,1.0,1,9.342946336524205,7.027314514039777,9.436997742590188,5.420534999272286,0.625,11918.0,55.5,0,0,1
1,0,0,1,0,360.0,1.0,0,8.900276348631271,0.0,8.900276348631271,4.795790545596741,0.3333333333333333,6999.666666666667,60.603305785123965,1,0,0
1,1,2,0,0,360.0,0.0,0,8.24301946898925,8.188966863648876,8.909370405197466,5.37989735354046,0.6,6800.0,34.10138248847926,0,0,1
1,1,3,1,0,480.0,1.0,1,7.6362696033793735,6.626717749249025,7.946617563244473,4.553876891600541,0.19583333333333333,2629.1666666666665,29.736842105263158,0,1,0
1,0,0,0,0,360.0,1.0,1,8.57866451350434,0.0,8.57866451350434,4.919980925828125,0.37777777777777777,4938.222222222223,38.802919708029194,0,0,1
0,1,0,0,0,360.0,1.0,1,7.982757702011113,7.755338812846501,8.56845648535378,4.941642422609304,0.3861111111111111,4875.888888888889,37.58571428571429,0,1,0
1,1,0,1,0,360.0,0.0,0,8.181160858023409,8.32239411311117,8.947285869349132,5.030437921392435,0.4222222222222222,7263.777777777777,50.23529411764706,1,0,0
0,0,1,0,1,360.0,1.0,1,8.916237731721479,0.0,8.916237731721479,4.859812404361672,0.35555555555555557,7095.444444444444,57.75968992248062,0,1,0
1,0,0,0,0,360.0,1.0,1,8.527341522468053,0.0,8.527341522468053,4.77912349311153,0.3277777777777778,4722.222222222223,42.436974789915965,0,1,0
1,1,1,0,0,180.0,1.0,1,9.5876803163585,0.0,9.5876803163585,5.225746673713202,1.0277777777777777,13555.222222222223,78.40322580645162,1,0,0
0,1,0,0,0,360.0,1.0,1,8.060855752934316,7.7336835707759,8.603554357064281,5.043425116919247,0.42777777777777776,5022.222222222223,35.16129032258065,0,1,0
1,1,1,0,0,360.0,1.0,1,7.703007682479236,7.243512974665482,8.19229373114764,4.454347296253507,0.2361111111111111,3375.8888888888887,42.0,0,0,1
1,1,0,0,0,360.0,1.0,0,8.624970783589669,7.669961995473577,8.95040315983296,5.170483995038151,0.4861111111111111,7223.888888888889,43.80681818181818,1,0,0
0,0,0,0,0,360.0,1.0,1,9.250426095515468,0.0,9.250426095515468,5.560681631015528,0.7194444444444444,9688.555555555555,40.03076923076923,0,0,1
1,1,0,0,0,360.0,1.0,1,8.64259160081057,7.889084407035514,9.028218795184895,5.198497031265826,0.5,7834.0,46.04419889502763,1,0,0
0,0,0,0,0,360.0,1.0,1,8.334951631422454,0.0,8.334951631422454,3.8066624897703196,0.12222222222222222,4043.777777777778,92.57777777777778,0,1,0
0,0,0,0,0,360.0,0.0,1,7.6676260915849905,9.10286651367095,9.316320695513415,4.927253685157205,0.38055555555555554,10736.444444444445,80.55797101449275,0,1,0
1,1,2,0,0,360.0,1.0,1,7.992268643270745,0.0,7.992268643270745,4.406719247264253,0.225,2732.0,36.0609756097561,0,1,0
1,1,0,1,0,360.0,1.0,1,8.366602832783736,7.608374474380783,8.750683034784592,5.272999558563747,0.5388888888888889,5775.111111111111,32.37948717948718,1,0,0
0,0,0,0,0,360.0,1.0,1,8.214194414852564,0.0,8.214194414852564,4.543294782270004,0.25833333333333336,3433.6666666666665,39.276595744680854,1,0,0
1,1,3,0,0,360.0,1.0,1,10.077608912764743,0.0,10.077608912764743,5.916202062607435,1.0277777777777777,22775.222222222223,64.15902964959568,1,0,0
1,0,0,0,0,360.0,1.0,1,8.259975659768276,7.403061091090091,8.613593685702552,4.859812404361672,0.35555555555555557,5149.444444444444,42.674418604651166,1,0,0
1,1,1,0,1,180.0,0.0,0,9.260462981379394,8.25608813381491,9.572480355345974,5.081404364984463,0.8888888888888888,13474.111111111111,89.2111801242236,0,0,1
1,1,0,0,0,360.0,1.0,0,8.71292443512011,7.851661177889265,9.065314599925925,5.209486152841421,0.5055555555555555,8143.444444444444,47.26229508196721,1,0,0
1,0,0,0,1,480.0,1.0,1,9.911802884139842,0.0,9.911802884139842,6.478509642208569,1.3541666666666667,18811.833333333332,30.976958525345623,0,0,1
1,0,0,0,0,360.0,1.0,1,7.608374474380783,7.5652752818989315,8.279950715722526,4.31748811353631,0.20555555555555555,3737.4444444444443,52.57333333333333,0,0,1
1,0,0,0,0,360.0,1.0,1,7.908019444632471,0.0,7.908019444632471,4.2626798770413155,0.19444444444444445,2523.5555555555557,38.28169014084507,0,1,0
1,1,0,0,1,120.0,1.0,1,8.14902386805177,0.0,8.14902386805177,3.258096538021482,0.20833333333333334,3250.6666666666665,133.03846153846155,0,1,0
1,0,0,0,0,360.0,1.0,1,8.496173824192162,0.0,8.496173824192162,4.634728988229636,0.2833333333333333,4611.666666666667,47.52427184466019,0,1,0
1,1,3,0,0,360.0,1.0,0,8.294299608857235,8.955577146281511,9.371693622333941,5.673323267171493,0.8055555555555556,10944.444444444445,40.37800687285223,0,1,0
0,1,0,0,0,360.0,1.0,0,8.430327258394575,0.0,8.430327258394575,4.442651256490317,0.23333333333333334,4349.666666666667,53.917647058823526,1,0,0
1,1,2,0,1,360.0,1.0,1,8.106816038947052,8.160803920954665,8.827174771362785,4.48863636973214,0.24444444444444444,6571.555555555556,76.58426966292134,0,0,1
1,0,0,0,0,360.0,0.0,0,9.615805480084347,0.0,9.615805480084347,5.493061443340548,0.6722222222222223,14326.777777777777,61.724279835390945,0,1,0
1,1,2,1,0,360.0,1.0,0,8.343077871169383,7.266128779556451,8.636042325254618,4.867534450455582,0.35833333333333334,5271.666666666667,43.30769230769231,1,0,0
1,1,2,0,0,360.0,1.0,0,8.525756422076725,7.642044402873258,8.871505346165781,5.225746673713202,0.5138888888888888,6611.111111111111,38.306451612903224,1,0,0
1,0,0,0,0,360.0,1.0,1,8.59748202264504,0.0,8.59748202264504,5.1298987149230735,0.4666666666666667,4950.333333333333,32.053254437869825,0,0,1
1,0,0,0,1,180.0,1.0,1,8.846640813100485,0.0,8.846640813100485,5.170483995038151,0.9722222222222222,5977.777777777777,39.48863636363637,0,1,0
1,1,0,0,0,360.0,1.0,1,7.900636613018005,7.618251097876695,8.462314529906248,4.812184355372417,0.3388888888888889,4393.111111111111,38.47154471544715,0,1,0
1,1,2,0,0,180.0,1.0,1,9.3722891389622,0.0,9.3722891389622,5.236441962829949,1.038888888888889,10718.111111111111,62.537234042553195,0,0,1
0,1,0,0,0,360.0,1.0,1,7.754052639035757,8.408939605975984,8.827174771362785,4.61512051684126,0.2777777777777778,6538.222222222223,67.48514851485149,0,1,0
0,1,2,0,0,360.0,1.0,1,9.60689927061335,0.0,9.60689927061335,4.2626798770413155,0.19444444444444445,14671.555555555555,209.38028169014083,0,0,1
1,1,1,0,0,360.0,1.0,1,7.338888133838879,7.262628600974241,7.994294986415977,3.4339872044851463,0.08333333333333333,2879.6666666666665,95.58064516129032,0,0,1
0,0,0,0,0,360.0,1.0,0,9.210440366976517,7.418780882750794,9.364519622823858,5.420534999272286,0.625,11041.0,51.61946902654867,1,0,0
1,1,0,0,0,360.0,1.0,1,8.488999457045455,6.7226297948554485,8.646641258603124,4.836281906951478,0.3472222222222222,5342.777777777777,45.15873015873016,0,1,0
1,0,0,0,0,360.0,0.0,0,8.744806737401898,0.0,8.744806737401898,4.77912349311153,0.3277777777777778,5949.222222222223,52.747899159663866,1,0,0
1,1,0,0,1,360.0,1.0,1,7.8547691834991324,8.229777750081887,8.75273950944749,5.030437921392435,0.4222222222222222,5904.777777777777,41.35294117647059,1,0,0
1,0,0,0,0,360.0,1.0,0,9.123365357961776,0.0,9.123365357961776,5.501258210544727,0.6777777777777778,8488.222222222223,37.412244897959184,0,0,1
1,1,2,1,0,360.0,1.0,0,7.732807530422021,0.0,7.732807530422021,4.736198448394496,0.3138888888888889,1967.111111111111,20.00877192982456,1,0,0
1,0,0,0,0,360.0,1.0,1,8.08794755464267,0.0,8.08794755464267,3.9318256327243257,0.1388888888888889,3115.1111111111113,63.80392156862745,0,0,1
1,1,3,0,0,180.0,0.0,1,10.596634733096073,0.0,10.596634733096073,6.398594934535208,3.3333333333333335,36665.666666666664,66.5540765391015,0,1,0
1,1,1,0,0,360.0,1.0,1,8.699681400989514,0.0,8.699681400989514,5.081404364984463,0.4444444444444444,5555.555555555556,37.267080745341616,1,0,0
1,1,1,0,0,360.0,1.0,1,9.163143937145207,0.0,9.163143937145207,5.236441962829949,0.5194444444444445,9018.555555555555,50.734042553191486,0,0,1
1,0,0,0,0,360.0,1.0,1,8.000014093678072,7.642044402873258,8.529911963824013,4.795790545596741,0.3333333333333333,4729.666666666667,41.84297520661157,1,0,0
1,1,0,0,0,360.0,1.0,1,8.430327258394575,8.635153989049803,9.231024963169016,5.545177444479562,0.7083333333333334,9499.666666666666,39.875,0,1,0
1,1,0,1,0,360.0,1.0,1,7.530479995245536,6.948897222313312,7.974188669286011,4.59511985013459,0.2722222222222222,2631.777777777778,29.333333333333332,0,1,0
1,1,0,0,0,360.0,1.0,0,8.978912601074276,0.0,8.978912601074276,5.62040086571715,0.7638888888888888,7169.111111111111,28.742753623188406,0,0,1
1,1,1,0,0,360.0,0.0,0,8.035926369891792,7.155396301896734,8.382518288089635,4.804021044733257,0.33611111111111114,4032.8888888888887,35.81147540983606,0,1,0
1,1,2,0,0,360.0,1.0,1,8.335191583433202,7.277938572945661,8.633196867172543,5.0689042022202315,0.4388888888888889,5175.111111111111,35.308176100628934,1,0,0
1,1,0,0,0,180.0,1.0,1,9.140347000155648,0.0,9.140347000155648,4.330733340286331,0.4166666666666667,8906.333333333334,122.67105263157895,0,0,1
1,1,0,0,0,360.0,1.0,1,8.218247926685745,8.06054004653864,8.835501457409778,5.209486152841421,0.5055555555555555,6367.444444444444,37.557377049180324,1,0,0
0,1,0,0,0,360.0,1.0,0,8.430327258394575,0.0,8.430327258394575,4.727387818712341,0.3111111111111111,4271.888888888889,40.557522123893804,1,0,0
1,1,0,0,0,360.0,1.0,1,7.799753318287247,8.111928063310739,8.660947155060933,4.867534450455582,0.35833333333333334,5413.666666666667,44.4,1,0,0
1,0,0,0,0,480.0,0.0,0,7.71333788887187,0.0,7.71333788887187,4.1588830833596715,0.13125,2105.75,34.953125,0,1,0
1,1,2,0,0,360.0,1.0,1,8.987321812850125,0.0,8.987321812850125,5.303304908059076,0.5555555555555556,7444.444444444444,39.80099502487562,0,1,0
1,1,0,1,0,360.0,1.0,1,7.507141079727608,7.478734825567875,8.185907481482324,4.564348191467836,0.2638888888888889,3325.1111111111113,37.385416666666664,1,0,0
1,1,3,0,0,300.0,1.0,1,10.85445020594156,0.0,10.85445020594156,6.55250788703459,2.3333333333333335,49429.666666666664,73.8416547788873,0,0,1
1,1,3,1,0,180.0,1.0,0,8.167068178341237,0.0,8.167068178341237,4.406719247264253,0.45,3072.0,42.951219512195124,1,0,0
1,1,0,0,0,360.0,1.0,1,8.64979915596426,8.635153989049803,9.335562336729565,5.236441962829949,0.5194444444444445,10813.555555555555,60.28191489361702,0,1,0
1,1,0,1,1,360.0,1.0,0,8.376781037699493,6.602587892189336,8.533263371593732,4.477336814478207,0.24166666666666667,4838.333333333333,57.72727272727273,0,1,0
1,1,0,0,0,360.0,1.0,1,8.159946655578548,7.583247524303362,8.60557030203365,4.762173934797756,0.32222222222222224,5138.777777777777,46.675213675213676,1,0,0
1,1,2,0,0,360.0,1.0,1,7.6236419465115715,7.3901814282264295,8.206583614320753,4.624972813284271,0.28055555555555556,3383.4444444444443,35.92156862745098,1,0,0
1,1,3,0,0,360.0,0.0,0,8.61558951327243,9.332646496360152,9.73014555852275,6.206575926724928,1.375,15441.0,33.903225806451616,0,1,0
1,1,1,0,0,360.0,1.0,1,8.229777750081887,0.0,8.229777750081887,4.762173934797756,0.32222222222222224,3427.777777777778,32.05128205128205,0,1,0
1,0,0,1,0,480.0,0.0,0,7.755338812846501,7.280697195384741,8.23880116587155,4.634728988229636,0.2125,3571.5,36.737864077669904,0,0,1
1,1,1,0,0,360.0,0.0,0,8.764209507142004,8.888894669371593,9.521568058002977,5.198497031265826,0.5,13150.0,75.41436464088397,0,0,1
1,0,0,0,0,360.0,1.0,0,7.558516743045645,8.529911963824013,8.850804195756417,4.219507705176107,0.18611111111111112,6792.888888888889,102.63235294117646,1,0,0
1,1,0,0,0,180.0,1.0,1,8.434028950155469,0.0,8.434028950155469,4.30406509320417,0.40555555555555556,4194.444444444444,62.16216216216216,0,1,0
1,1,1,0,0,360.0,1.0,0,10.429605648120413,0.0,10.429605648120413,5.564520407322694,0.7222222222222222,33123.77777777778,129.67816091954023,0,1,0
0,1,0,0,0,360.0,1.0,1,8.195885391314796,0.0,8.195885391314796,4.6913478822291435,0.3,3325.0,33.25688073394495,0,1,0
1,1,0,0,1,360.0,1.0,1,10.57510461454571,8.46611040118692,10.6896240399389,4.795790545596741,0.3333333333333333,43563.666666666664,362.78512396694214,0,1,0
1,1,1,0,1,300.0,0.0,0,7.68662133494462,0.0,7.68662133494462,4.204692619390966,0.22,1958.0,32.507462686567166,1,0,0
1,1,0,0,0,360.0,1.0,1,7.776535028185241,7.668093709082406,8.416709652837914,4.07753744390572,0.16111111111111112,4359.888888888889,76.62711864406779,1,0,0
1,1,0,0,1,360.0,1.0,1,6.51471269087253,8.574895901544526,8.694669696546992,5.1298987149230735,0.4666666666666667,5503.333333333333,35.32544378698225,1,0,0
1,1,0,0,0,180.0,1.0,1,9.140883106960962,0.0,9.140883106960962,5.241747015059643,1.0444444444444445,8283.555555555555,49.354497354497354,1,0,0
1,0,0,1,0,360.0,1.0,1,8.494129251817686,0.0,8.494129251817686,3.8918202981106265,0.13333333333333333,4751.666666666667,99.6938775510204,1,0,0
1,0,0,0,0,360.0,1.0,0,9.392745258631441,0.0,9.392745258631441,5.10594547390058,0.45555555555555555,11544.444444444445,72.72727272727273,0,1,0
1,1,0,1,0,360.0,1.0,0,8.705165419719007,0.0,8.705165419719007,5.081404364984463,0.4444444444444444,5588.555555555556,37.47204968944099,0,0,1
1,0,0,0,0,360.0,1.0,1,8.258163361537619,0.0,8.258163361537619,4.343805421853684,0.2111111111111111,3646.8888888888887,50.103896103896105,0,1,0
1,0,0,0,0,360.0,1.0,1,8.340933226000878,0.0,8.340933226000878,4.795790545596741,0.3333333333333333,3857.6666666666665,34.63636363636363,1,0,0
1,1,1,0,0,360.0,1.0,0,8.047509510981422,7.857093864902493,8.64979915596426,5.14166355650266,0.4722222222222222,5235.777777777777,33.380116959064324,0,1,0
1,0,0,0,0,360.0,1.0,1,9.0280988119824,8.229777750081887,9.399637542506563,5.236441962829949,0.5194444444444445,11563.555555555555,64.27127659574468,1,0,0
0,0,0,1,0,360.0,1.0,1,7.553810852008231,7.768956044538332,8.360071435644025,4.795790545596741,0.3333333333333333,3938.6666666666665,35.30578512396694,0,0,1
0,1,0,0,0,360.0,1.0,1,8.136518252115291,7.943427767876373,8.73761303680885,4.736198448394496,0.3138888888888889,5918.111111111111,54.666666666666664,0,1,0
1,0,0,0,1,360.0,1.0,0,9.305741456739435,0.0,9.305741456739435,4.430816798843313,0.23055555555555557,10769.444444444445,130.95238095238096,0,0,1
1,1,1,1,0,360.0,1.0,1,7.8636512654486515,7.824445930877619,8.537191877922927,4.51085950651685,0.25,4850.0,56.043956043956044,0,1,0
1,0,2,0,0,360.0,0.0,1,8.501876487304344,0.0,8.501876487304344,5.117993812416755,0.46111111111111114,4461.888888888889,29.479041916167663,0,1,0
1,1,3,1,0,180.0,1.0,0,8.292298107063221,0.0,8.292298107063221,4.859812404361672,0.7111111111111111,3280.8888888888887,30.94573643410853,0,0,1
1,1,1,1,0,360.0,1.0,1,8.160803920954665,6.988413181999592,8.430327258394575,4.912654885736052,0.375,4208.0,33.6985294117647,0,0,1
1,1,2,1,0,360.0,1.0,1,8.273336598504486,0.0,8.273336598504486,4.8283137373023015,0.34444444444444444,3572.5555555555557,31.336,0,1,0
0,0,0,1,0,360.0,1.0,1,8.391403185357937,0.0,8.391403185357937,4.795790545596741,0.3333333333333333,4074.6666666666665,36.429752066115704,0,1,0
0,0,0,0,0,360.0,1.0,1,8.08487062913819,0.0,8.08487062913819,4.394449154672439,0.2222222222222222,3021.777777777778,40.04938271604938,0,0,1
1,0,0,1,0,360.0,1.0,1,8.288031567776464,7.836764783264067,8.780633799494984,4.02535169073515,0.1527777777777778,6353.222222222223,116.17857142857143,1,0,0
1,0,0,0,0,360.0,1.0,1,7.8160138391590275,0.0,7.8160138391590275,4.0943445622221,0.1638888888888889,2315.1111111111113,41.31666666666667,0,0,1
1,0,0,0,0,360.0,1.0,0,8.137103389639302,0.0,8.137103389639302,4.852030263919617,0.3527777777777778,3065.222222222222,26.703125,0,1,0
0,0,0,0,0,360.0,1.0,0,9.210440366976517,0.0,9.210440366976517,5.3706380281276624,0.5944444444444444,9405.555555555555,46.51162790697674,0,1,0
1,1,3,0,0,360.0,0.0,0,8.14060704285845,7.1316985104669115,8.45126704130007,4.859812404361672,0.35555555555555557,4324.444444444444,36.27906976744186,0,1,0
1,1,1,0,1,360.0,1.0,1,8.960339366492091,0.0,8.960339366492091,5.484796933490655,0.6666666666666666,7120.333333333333,32.31120331950208,0,0,1
1,1,3,1,1,360.0,1.0,1,8.648922962094131,0.0,8.648922962094131,4.875197323201151,0.3611111111111111,5341.888888888889,43.534351145038165,1,0,0
1,1,0,0,0,360.0,1.0,1,8.062747901086354,8.013674142832684,8.731497794063243,4.927253685157205,0.38055555555555554,5813.444444444444,44.88405797101449,0,0,1
1,1,3,1,0,360.0,1.0,1,8.25608813381491,6.891625897052253,8.483429561263428,4.61512051684126,0.2777777777777778,4555.222222222223,47.851485148514854,0,1,0
1,1,0,0,0,360.0,1.0,0,5.017279836814924,7.496097345175956,7.576097340623111,4.912654885736052,0.375,1575.0,14.338235294117647,1,0,0
1,1,0,0,0,360.0,1.0,1,8.223627175805483,7.4821189235521155,8.613048677059759,4.882801922586371,0.3638888888888889,5138.111111111111,41.68181818181818,0,1,0
1,1,2,0,0,360.0,0.0,0,8.517393171418904,0.0,8.517393171418904,4.290459441148391,0.2,4800.0,68.4931506849315,0,1,0
0,1,2,0,0,360.0,1.0,1,8.36264243156764,7.776535028185241,8.80492526261806,4.852030263919617,0.3527777777777778,6313.222222222223,52.078125,0,1,0
1,1,0,0,0,360.0,0.0,0,7.706162970199576,0.0,7.706162970199576,4.110873864173311,0.16666666666666666,2054.3333333333335,36.40983606557377,0,0,1
1,1,2,0,0,360.0,1.0,1,8.296546520300614,7.4489161025442,8.652947112393857,4.762173934797756,0.32222222222222224,5403.777777777777,48.94017094017094,0,1,0
1,0,0,0,0,360.0,1.0,1,7.99699040583765,7.934513463882263,8.659213451436667,4.976733742420574,0.4,5362.0,39.737931034482756,0,1,0
1,1,0,0,0,360.0,1.0,1,8.93313654381203,6.918695219020472,9.058237593766226,5.170483995038151,0.4861111111111111,8101.888888888889,48.79545454545455,0,1,0
1,1,0,0,0,360.0,1.0,1,8.740496729931813,0.0,8.740496729931813,4.859812404361672,0.35555555555555557,5894.444444444444,48.44961240310077,0,1,0
1,1,0,0,0,360.0,1.0,0,8.086717920303906,0.0,8.086717920303906,5.14166355650266,0.4722222222222222,2777.777777777778,19.005847953216374,1,0,0
1,1,0,1,1,360.0,1.0,0,8.462948176563842,0.0,8.462948176563842,4.9344739331306915,0.38333333333333336,4351.666666666667,34.064748201438846,0,0,1
1,1,2,0,0,360.0,1.0,1,8.740496729931813,7.4360278163518485,8.980423936374544,5.351858133476067,0.5833333333333334,7361.666666666667,37.654028436018955,0,1,0
1,1,0,0,0,480.0,1.0,1,8.46779284112111,0.0,8.46779284112111,5.0689042022202315,0.32916666666666666,4428.833333333333,29.92452830188679,0,1,0
1,0,0,0,1,360.0,1.0,1,8.764209507142004,0.0,8.764209507142004,5.303304908059076,0.5555555555555556,5844.444444444444,31.8407960199005,1,0,0
1,1,1,0,0,360.0,1.0,1,7.820840879907344,7.628031126930335,8.422003004412488,4.653960350157523,0.28888888888888886,4256.111111111111,43.285714285714285,0,1,0
1,1,0,0,0,180.0,1.0,1,8.220672170297252,0.0,8.220672170297252,3.7612001156935624,0.23333333333333334,3482.6666666666665,86.4186046511628,1,0,0
1,0,0,1,0,360.0,1.0,1,8.06777619577889,7.8628820346414905,8.663542087751374,4.795790545596741,0.3333333333333333,5453.666666666667,47.82644628099174,1,0,0
0,0,0,0,0,360.0,1.0,1,9.0280988119824,0.0,9.0280988119824,5.638354669333745,0.7777777777777778,7555.222222222223,29.654804270462634,0,1,0
1,1,1,0,0,360.0,1.0,1,8.057060681965766,7.484368643286131,8.504107951867582,4.948759890378168,0.3888888888888889,4545.111111111111,34.99290780141844,0,1,0
1,1,1,0,0,360.0,1.0,1,8.612685172875459,7.13966033596492,8.818926087090677,5.14166355650266,0.4722222222222222,6287.777777777777,39.53216374269006,1,0,0
1,1,0,0,0,360.0,1.0,0,8.656433258507741,0.0,8.656433258507741,5.545177444479562,0.7083333333333334,5037.666666666667,22.4453125,0,0,1
0,0,0,0,1,360.0,1.0,1,8.150179269682326,0.0,8.150179269682326,4.812184355372417,0.3388888888888889,3124.1111111111113,28.15447154471545,0,0,1
0,0,1,0,0,360.0,1.0,1,8.246171559857563,0.0,8.246171559857563,4.727387818712341,0.3111111111111111,3500.8888888888887,33.73451327433628,1,0,0
1,1,1,0,0,360.0,1.0,1,8.106514516255185,0.0,8.106514516255185,4.574710978503383,0.26666666666666666,3048.3333333333335,34.175257731958766,0,1,0
1,1,2,0,0,360.0,1.0,1,8.669055540725484,8.517393171418904,9.289151552400472,4.795790545596741,0.3333333333333333,10485.666666666666,89.41322314049587,1,0,0
1,1,1,1,0,180.0,1.0,0,7.828436359157585,7.592870287844818,8.410498452745275,4.948759890378168,0.7777777777777778,3715.222222222222,31.865248226950353,0,0,1
1,0,0,0,0,60.0,1.0,1,7.994969522697877,8.648572269472618,9.067277989134345,5.049856007249537,2.5833333333333335,6082.666666666666,55.55128205128205,0,0,1
1,1,2,0,1,360.0,1.0,1,8.740496729931813,7.170888478512505,8.929435283803425,4.6913478822291435,0.3,7250.0,69.26605504587155,1,0,0
1,1,0,1,0,360.0,1.0,1,8.133587417660966,8.393442383980062,8.964951211714654,4.820281565605037,0.3416666666666667,7481.333333333333,63.08870967741935,0,1,0
1,0,0,0,1,180.0,1.0,0,8.707978826622321,8.374246182096304,9.248021438943871,4.795790545596741,0.6666666666666666,9716.333333333334,85.8099173553719,0,0,1
1,1,2,0,0,360.0,1.0,1,9.180293450623886,0.0,9.180293450623886,4.727387818712341,0.3111111111111111,9391.888888888889,85.86725663716814,0,0,1
1,1,1,1,0,180.0,1.0,1,8.796187635470453,0.0,8.796187635470453,4.927253685157205,0.7611111111111111,5846.888888888889,47.88405797101449,0,0,1
1,1,1,0,0,480.0,1.0,1,7.9665866976384025,7.519692404116539,8.460834457746854,4.820281565605037,0.25625,4468.75,38.104838709677416,0,1,0
1,1,0,0,0,360.0,1.0,1,7.501082124259871,7.533158807455563,8.210124405164267,4.51085950651685,0.25,3427.0,40.40659340659341,0,0,1
1,1,0,1,0,360.0,0.0,0,7.419979923661835,8.266421472984554,8.62317351495347,5.308267697401205,0.5583333333333333,4999.666666666667,27.514851485148515,0,1,0
0,0,2,0,0,360.0,1.0,0,8.13973227971767,0.0,8.13973227971767,4.9344739331306915,0.38333333333333336,3043.6666666666665,24.654676258992804,0,0,1
1,0,0,1,1,360.0,1.0,1,7.857093864902493,7.681560362559537,8.46611040118692,4.653960350157523,0.28888888888888886,4461.111111111111,45.23809523809524,1,0,0
1,1,1,1,0,180.0,1.0,1,7.8868329989550565,8.868131713503033,9.186355009225672,5.634789603169249,1.55,8212.0,34.864285714285714,0,1,0
1,0,0,0,1,360.0,0.0,0,9.69590972432601,0.0,9.69590972432601,5.262690188904886,0.5333333333333333,15716.666666666666,84.19689119170984,0,0,1
0,0,3,0,0,360.0,1.0,1,8.03398273468322,0.0,8.03398273468322,5.545177444479562,0.7083333333333334,2374.6666666666665,12.04296875,1,0,0
1,0,0,1,0,360.0,0.0,0,8.707152175339404,0.0,8.707152175339404,4.7535901911063645,0.3194444444444444,5725.555555555556,52.11206896551724,1,0,0
1,1,3,0,0,360.0,1.0,0,8.566173813637858,0.0,8.566173813637858,4.553876891600541,0.2611111111111111,4988.888888888889,55.26315789473684,0,0,1
1,1,0,0,0,360.0,1.0,0,9.594513744616725,7.650168700845001,9.728181330636078,5.720311776607412,0.8444444444444444,15938.555555555555,55.02622950819672,1,0,0
1,1,3,1,0,360.0,1.0,0,8.503499864284235,0.0,8.503499864284235,4.859812404361672,0.35555555555555557,4575.444444444444,38.224806201550386,0,1,0
1,1,1,0,0,360.0,1.0,1,8.713417653379183,8.35490952835879,9.24319470884713,5.802118375377063,0.9166666666666666,9416.333333333334,31.21752265861027,0,0,1
1,0,0,0,0,360.0,1.0,1,7.630946580890459,7.700747794511798,8.35936910622267,4.90527477843843,0.37222222222222223,3896.777777777778,31.622222222222224,0,1,0
0,0,1,0,0,36.0,1.0,0,8.155362120328135,0.0,8.155362120328135,5.049856007249537,4.305555555555555,-824.5555555555557,22.314102564102566,0,1,0
0,0,0,0,0,360.0,1.0,1,8.881975184248867,0.0,8.881975184248867,4.795790545596741,0.3333333333333333,6866.666666666667,59.50413223140496,1,0,0
1,0,0,0,1,360.0,1.0,1,8.550047528287184,0.0,8.550047528287184,4.859812404361672,0.35555555555555557,4810.444444444444,40.04651162790697,0,1,0
1,0,0,0,0,360.0,1.0,1,8.317766166719343,8.145549631783584,8.928375259853631,5.0238805208462765,0.41944444444444445,7122.555555555556,49.61842105263158,1,0,0
1,1,2,0,0,360.0,1.0,1,8.457230850243555,7.23561914106675,8.715388097366482,5.017279836814924,0.4166666666666667,5678.333333333333,40.36423841059602,0,1,0
1,1,3,0,0,360.0,0.0,1,8.374246182096304,7.502186486602924,8.723394022000136,5.081404364984463,0.4444444444444444,5699.555555555556,38.161490683229815,0,0,1
0,0,0,0,0,360.0,1.0,0,8.137103389639302,0.0,8.137103389639302,4.912654885736052,0.375,3043.0,25.13235294117647,1,0,0
0,0,1,0,0,360.0,1.0,1,7.964503363551548,7.353081920515432,8.39773375137891,4.51085950651685,0.25,4186.0,48.747252747252745,0,0,1
0,0,0,0,0,360.0,1.0,1,8.08271113423758,0.0,8.08271113423758,3.4339872044851463,0.08333333333333333,3153.6666666666665,104.41935483870968,0,0,1
1,1,0,0,0,360.0,1.0,1,9.318925682389624,0.0,9.318925682389624,4.919980925828125,0.37777777777777777,10768.222222222223,81.35766423357664,0,0,1
1,0,0,0,0,360.0,1.0,1,7.949444420250626,7.527255919373784,8.453401058328458,4.844187086458591,0.35,4340.0,36.92913385826772,1,0,0
1,1,0,0,0,360.0,1.0,1,7.8713112033234065,7.707062655370473,8.485496104672983,5.017279836814924,0.4166666666666667,4426.333333333333,32.0728476821192,0,1,0
1,1,2,0,0,360.0,1.0,1,8.268988209506656,0.0,8.268988209506656,4.51085950651685,0.25,3650.0,42.857142857142854,0,1,0
1,1,1,0,0,360.0,1.0,1,7.919719760924575,7.519149957669823,8.432288684325794,4.7535901911063645,0.3194444444444444,4272.555555555556,39.58620689655172,0,1,0
1,1,0,0,0,360.0,1.0,1,8.29254851397576,8.094073148069352,8.891236429516061,5.337538079701318,0.575,6692.0,34.9375,0,1,0
1,1,0,0,0,360.0,1.0,1,8.04044688130311,7.170888478512505,8.390268497842571,4.394449154672439,0.2222222222222222,4180.777777777777,54.358024691358025,0,0,1
1,1,0,0,0,360.0,1.0,1,9.5876803163585,0.0,9.5876803163585,6.07993319509559,1.211111111111111,13371.888888888889,33.37070938215103,0,1,0
0,1,0,1,0,360.0,1.0,1,8.31898612539206,0.0,8.31898612539206,4.8283137373023015,0.34444444444444444,3755.5555555555557,32.8,1,0,0
1,0,1,1,1,360.0,0.0,0,8.307459327011946,7.794411205726601,8.776475789346321,5.0689042022202315,0.4388888888888889,6040.111111111111,40.74842767295598,0,0,1
1,1,0,0,0,360.0,1.0,1,8.275885669474356,6.68586094706836,8.461257559085935,4.727387818712341,0.3111111111111111,4415.888888888889,41.83185840707964,0,1,0
1,1,2,0,0,180.0,1.0,1,7.741533589281828,6.894467372292008,8.097973923364721,4.3694478524670215,0.43333333333333335,2853.4666544666666,41.605063136708864,0,0,1
0,0,0,0,0,360.0,1.0,1,7.502186486602924,7.418780882750794,8.154212694914229,4.007333185232471,0.15,3327.0,63.21818181818182,0,0,1
1,1,0,0,0,360.0,1.0,0,9.936341889407075,0.0,9.936341889407075,4.859812404361672,0.35555555555555557,20311.444444444445,160.2093023255814,1,0,0
1,0,0,0,0,360.0,1.0,1,8.058010800802085,8.024207485778577,8.734238184268579,4.499809670330265,0.24722222222222223,5963.777777777777,69.0111111111111,1,0,0
0,0,0,0,1,300.0,1.0,0,7.8636512654486515,7.4489161025442,8.370547611074752,4.605170185988092,0.33,3987.0,43.17,0,1,0
1,1,0,0,0,360.0,1.0,1,8.217438537730187,7.601402334583733,8.649098262296176,4.795790545596741,0.3333333333333333,5370.666666666667,47.14049586776859,1,0,0
0,0,0,0,0,360.0,1.0,1,8.324821298768782,0.0,8.324821298768782,4.7535901911063645,0.3194444444444444,3804.5555555555557,35.55172413793103,0,1,0
1,0,0,0,0,360.0,1.0,1,9.159993997539445,0.0,9.159993997539445,5.236441962829949,0.5194444444444445,8988.555555555555,50.57446808510638,1,0,0
1,1,0,0,0,360.0,1.0,1,8.031385330625534,7.790282380703483,8.61104776688786,4.941642422609304,0.3861111111111111,5104.888888888889,39.22142857142857,1,0,0
1,1,2,0,0,360.0,0.0,0,8.38958706681109,0.0,8.38958706681109,4.852030263919617,0.3527777777777778,4047.222222222222,34.375,0,1,0
1,1,2,0,0,360.0,1.0,1,8.056426767522984,7.353081920515432,8.458292083496076,4.90527477843843,0.37222222222222223,4340.777777777777,34.91111111111111,0,0,1
0,0,0,0,0,480.0,0.0,0,8.59748202264504,0.0,8.59748202264504,4.969813299576001,0.29791666666666666,5119.083333333333,37.61805555555556,0,0,1
1,1,0,0,0,360.0,1.0,1,7.776535028185241,8.112227958349724,8.651374372882257,5.153291594497779,0.4777777777777778,5239.222222222223,33.04624277456647,0,1,0
1,1,3,0,0,360.0,1.0,1,8.393216011596527,7.1316985104669115,8.64241515616962,4.709530201312334,0.3055555555555556,5360.444444444444,51.04504504504504,0,0,1
1,1,1,0,0,360.0,1.0,1,8.83579236650274,0.0,8.83579236650274,5.303304908059076,0.5555555555555556,6319.444444444444,34.20398009950249,0,1,0
0,1,1,0,0,360.0,1.0,1,8.448271745949816,0.0,8.448271745949816,4.912654885736052,0.375,4291.0,34.30882352941177,0,0,1
0,0,0,0,0,480.0,1.0,0,8.517393171418904,7.8407064517494,8.928242677818302,5.0238805208462765,0.3145833333333333,7226.416666666667,49.61184210526316,1,0,0
1,1,1,0,0,360.0,1.0,0,7.608374474380783,7.98139158158007,8.505120610181969,4.736198448394496,0.3138888888888889,4625.111111111111,43.324561403508774,0,0,1
1,1,0,1,0,360.0,0.0,0,7.496097345175956,7.984462732262196,8.462737005620179,4.543294782270004,0.25833333333333336,4475.666666666667,50.361702127659576,0,0,1
1,1,0,1,0,360.0,1.0,1,7.964155718840937,7.467942332285852,8.439447842791385,4.663439094112067,0.2916666666666667,4333.333333333333,43.632075471698116,0,1,0
0,0,0,0,0,360.0,1.0,1,8.517393171418904,0.0,8.517393171418904,4.890349128221754,0.36666666666666664,4633.333333333333,37.59398496240601,1,0,0
1,1,1,0,0,360.0,1.0,1,7.3938782901077555,7.4977617006225685,8.14002395246292,4.574710978503383,0.26666666666666666,3161.3333333333335,35.34020618556701,0,0,1
1,0,0,0,0,360.0,1.0,1,8.294299608857235,7.824445930877619,8.77971129020447,4.948759890378168,0.3888888888888889,6111.111111111111,46.09929078014184,1,0,0
1,0,0,1,0,360.0,1.0,0,7.601402334583733,0.0,7.601402334583733,4.859812404361672,0.35555555555555557,1644.4444444444443,15.503875968992247,0,0,1
0,0,0,0,0,360.0,1.0,1,8.232971790593437,7.418780882750794,8.599510233905452,4.912654885736052,0.375,5053.0,39.911764705882355,1,0,0
0,0,0,0,0,360.0,0.0,0,7.783640596221253,7.530479995245536,8.357962965845681,4.653960350157523,0.28888888888888886,3974.1111111111113,40.6,0,0,1
1,0,0,0,0,360.0,1.0,0,9.915119636765835,0.0,9.915119636765835,6.175867270105761,1.3333333333333333,18899.666666666668,42.064449064449065,1,0,0
1,1,2,1,0,360.0,1.0,1,8.944811104165534,0.0,8.944811104165534,5.225746673713202,0.5138888888888888,7153.111111111111,41.22043010752688,1,0,0
0,0,0,0,0,360.0,1.0,1,7.978653729082731,0.0,7.978653729082731,4.442651256490317,0.23333333333333334,2683.6666666666665,34.31764705882353,0,1,0
1,0,0,1,0,360.0,1.0,1,7.982074875081202,7.785720896534624,8.581669210600602,4.718498871295094,0.30833333333333335,5023.666666666667,47.607142857142854,0,1,0
0,0,0,0,0,360.0,1.0,1,7.827240901752812,0.0,7.827240901752812,4.04305126783455,0.15555555555555556,2351.4444444444443,43.98245614035088,1,0,0
1,1,2,0,1,84.0,1.0,1,8.656433258507741,0.0,8.656433258507741,4.976733742420574,1.7142857142857142,4031.714285714286,39.62758620689655,1,0,0
1,1,0,0,0,360.0,1.0,0,7.813591552952433,7.519692404116539,8.370315995555478,5.075173815233827,0.44166666666666665,3874.3333333333335,26.975,1,0,0
1,1,1,1,0,180.0,1.0,1,8.131530710604252,7.403061091090091,8.525161361065415,4.718498871295094,0.6166666666666667,4422.333333333333,44.99107142857143,0,0,1
1,1,2,0,0,360.0,1.0,1,8.220941168281389,0.0,8.220941168281389,4.795790545596741,0.3333333333333333,3383.6666666666665,30.71900826446281,0,1,0
1,1,0,0,0,360.0,1.0,1,7.629975707027789,7.666221925662725,8.341171747170762,4.48863636973214,0.24444444444444444,3947.5555555555557,47.10112359550562,0,0,1
0,0,1,0,0,360.0,1.0,1,8.17244681834278,0.0,8.17244681834278,4.727387818712341,0.3111111111111111,3229.8888888888887,31.336283185840706,0,1,0
1,1,1,0,1,360.0,1.0,0,9.210440366976517,0.0,9.210440366976517,5.049856007249537,0.4305555555555556,9569.444444444445,64.1025641025641,1,0,0
1,1,0,0,0,360.0,1.0,1,7.783640596221253,7.681560362559537,8.426830751335846,4.7535901911063645,0.3194444444444444,4247.555555555556,39.37068965517241,0,1,0
1,1,3,0,0,360.0,1.0,1,8.376320632534823,5.247024072160486,8.418918622147897,4.8283137373023015,0.34444444444444444,4186.555555555556,36.248,0,1,0
1,1,2,1,0,360.0,1.0,1,8.189244525735901,7.372118028337787,8.554874258383926,4.859812404361672,0.35555555555555557,4835.444444444444,40.24031007751938,1,0,0
0,0,0,0,0,360.0,1.0,1,8.06054004653864,8.001689978099135,8.72453251118548,4.890349128221754,0.36666666666666664,5784.333333333333,46.24812030075188,1,0,0
1,1,3,0,0,360.0,1.0,1,9.61587214452889,0.0,9.61587214452889,5.707110264748875,0.8333333333333334,14166.666666666666,49.83388704318937,1,0,0
1,1,1,0,1,360.0,0.0,0,9.067277989134345,8.51398806046729,9.521494800613105,5.932245187448011,1.0444444444444445,12604.555555555555,36.204244031830235,1,0,0
1,0,0,0,0,360.0,0.0,1,8.500657222776137,0.0,8.500657222776137,4.875197323201151,0.3611111111111111,4555.888888888889,37.534351145038165,1,0,0
1,1,0,0,1,360.0,1.0,1,8.66888370465667,7.6783263565068856,8.984568369308281,5.220355825078324,0.5111111111111111,7466.888888888889,43.12432432432433,0,1,0
0,1,0,0,0,360.0,1.0,0,8.374246182096304,7.804659297056102,8.82246957226897,4.709530201312334,0.3055555555555556,6478.444444444444,61.11711711711712,0,0,1
0,0,0,0,0,360.0,1.0,1,7.824445930877619,0.0,7.824445930877619,4.219507705176107,0.18611111111111112,2313.8888888888887,36.76470588235294,0,0,1
1,0,1,0,0,360.0,1.0,1,8.385944904806284,7.492203042618741,8.728749873478527,4.770684624465665,0.325,5852.0,52.347457627118644,0,0,1
1,0,0,0,0,360.0,1.0,1,7.984803389734406,0.0,7.984803389734406,4.59511985013459,0.2722222222222222,2662.777777777778,29.646464646464647,0,1,0
1,0,0,0,0,360.0,1.0,1,7.949444420250626,0.0,7.949444420250626,4.276666119016055,0.19722222222222222,2635.777777777778,39.34722222222222,0,0,1
1,1,0,0,0,180.0,1.0,1,11.056240743970491,0.0,11.056240743970491,6.19644412779452,2.7222222222222223,60614.77777777778,128.9959266802444,0,0,1
1,1,1,0,1,180.0,1.0,1,9.193601047971885,7.51425465281641,9.364519622823858,5.209486152841421,1.011111111111111,10654.888888888889,63.74863387978142,0,0,1
1,1,0,0,1,360.0,1.0,1,8.61323037961318,8.409830673087738,9.20974019190415,4.2626798770413155,0.19444444444444445,9798.555555555555,140.74647887323943,0,1,0
1,1,1,0,0,360.0,1.0,1,8.566173813637858,6.535241271013659,8.68929604801586,5.081404364984463,0.4444444444444444,5493.555555555556,36.88198757763975,1,0,0
1,1,2,0,1,360.0,1.0,1,7.824445930877619,8.434028950155469,8.867990898182093,5.176149732573829,0.4888888888888889,6611.111111111111,40.112994350282484,1,0,0
0,0,3,1,0,360.0,0.0,0,7.5126175446745105,0.0,7.5126175446745105,4.859812404361672,0.35555555555555557,1474.4444444444443,14.186046511627907,0,0,1
0,0,0,0,0,360.0,1.0,1,8.333510708982942,0.0,8.333510708982942,4.276666119016055,0.19722222222222222,3962.777777777778,57.77777777777778,0,1,0
1,1,3,1,0,360.0,1.0,0,7.881559917056899,7.370230641807081,8.351138607086154,5.159055299214529,0.48055555555555557,3753.4444444444443,24.333333333333332,1,0,0
0,0,0,0,0,360.0,1.0,0,7.774435510302958,0.0,7.774435510302958,3.8501476017100584,0.12777777777777777,2250.222222222222,50.59574468085106,1,0,0
1,1,1,1,0,360.0,1.0,1,8.423980809694058,7.114769448366463,8.6628507638386,5.0689042022202315,0.4388888888888889,5344.111111111111,36.37106918238994,0,0,1
1,1,3,1,0,360.0,1.0,1,8.062747901086354,0.0,8.062747901086354,4.31748811353631,0.20555555555555555,2967.4444444444443,42.306666666666665,0,1,0
1,1,2,0,0,360.0,1.0,1,7.857093864902493,7.754052639035757,8.499843553081124,4.836281906951478,0.3472222222222222,4565.777777777777,38.992063492063494,1,0,0
1,1,0,0,0,360.0,1.0,1,7.824046010856292,7.807510042216193,8.508757712595136,5.081404364984463,0.4444444444444444,4512.555555555556,30.788819875776397,0,1,0
1,1,0,1,0,360.0,0.0,0,8.16735198705607,8.080546965824498,8.817890200945513,5.030437921392435,0.4222222222222222,6330.777777777777,44.13725490196079,1,0,0
1,1,2,1,0,360.0,1.0,1,8.03398273468322,7.682021510826875,8.566364235422688,4.844187086458591,0.35,4901.0,41.346456692913385,0,0,1
1,1,0,0,0,360.0,1.0,1,8.753687227098585,8.430327258394575,9.29807648628027,5.560681631015528,0.7194444444444444,10196.555555555555,41.98461538461538,0,1,0
1,1,0,0,0,360.0,1.0,1,7.873217054862741,8.740496729931813,9.091106284052485,5.236441962829949,0.5194444444444445,8355.555555555555,47.20744680851064,1,0,0
1,1,0,0,0,360.0,1.0,1,9.114269903225448,0.0,9.114269903225448,5.43372200355424,0.6333333333333333,8449.666666666666,39.66375545851528,0,1,0
1,0,0,0,0,360.0,1.0,0,9.076923258535832,8.335191583433202,9.466376966592419,5.733341276897746,0.8555555555555555,12061.444444444445,41.80258899676375,1,0,0
1,1,3,0,0,360.0,1.0,1,7.888709524182015,7.642044402873258,8.465899897028686,4.564348191467836,0.2638888888888889,4485.111111111111,49.46875,1,0,0
0,1,0,0,1,360.0,0.0,0,8.612685172875459,0.0,8.612685172875459,4.663439094112067,0.2916666666666667,5208.333333333333,51.886792452830186,1,0,0
0,1,0,0,0,360.0,1.0,1,7.793174347189205,6.226536669287466,7.982416346827733,4.875197323201151,0.3611111111111111,2566.8888888888887,22.35114503816794,0,1,0
0,0,0,0,0,180.0,1.0,1,8.246433786160365,0.0,8.246433786160365,4.762173934797756,0.6444444444444445,3168.5555555555557,32.58974358974359,0,0,1
1,1,2,0,0,360.0,1.0,1,9.0280988119824,8.060855752934316,9.350189267092581,5.111987788356544,0.4583333333333333,11041.666666666666,69.27710843373494,1,0,0
1,1,1,0,0,360.0,1.0,0,8.262558973010657,0.0,8.262558973010657,4.219507705176107,0.18611111111111112,3688.8888888888887,56.98529411764706,0,0,1
1,1,0,1,0,480.0,0.0,0,8.006700845440367,7.418780882750794,8.448271745949816,4.61512051684126,0.20833333333333334,4457.666666666667,46.198019801980195,0,0,1
1,1,3,0,0,360.0,1.0,1,8.550241045462437,8.060855752934316,9.028218795184895,5.303304908059076,0.5555555555555556,7778.444444444444,41.46268656716418,0,1,0
0,0,1,0,0,360.0,1.0,0,8.460411177317253,0.0,8.460411177317253,4.406719247264253,0.225,4498.0,57.59756097560975,0,1,0
1,1,2,0,0,360.0,1.0,1,8.517393171418904,8.207401833376355,9.067393362656249,5.4680601411351315,0.6555555555555556,8011.444444444444,36.56962025316456,0,1,0
1,1,0,0,0,360.0,1.0,1,8.46611040118692,7.755338812846501,8.865593998902725,4.875197323201151,0.3611111111111111,6721.888888888889,54.06870229007634,0,0,1
1,1,0,0,0,300.0,1.0,1,8.01102337918644,8.017637159908478,8.707317560273212,4.564348191467836,0.31666666666666665,5729.333333333333,62.979166666666664,0,0,1
1,0,0,0,1,360.0,1.0,1,8.828054536815424,0.0,8.828054536815424,4.955827057601261,0.39166666666666666,6430.333333333333,48.04225352112676,1,0,0
1,0,0,1,0,360.0,1.0,0,8.735042754269337,0.0,8.735042754269337,4.897839799950911,0.36944444444444446,5846.555555555556,46.38805970149254,1,0,0
1,0,0,0,0,480.0,1.0,0,7.824445930877619,0.0,7.824445930877619,4.574710978503383,0.2,2300.0,25.77319587628866,0,1,0
1,0,0,0,0,360.0,0.0,0,8.54188580400661,0.0,8.54188580400661,4.8283137373023015,0.34444444444444444,4779.555555555556,40.992,1,0,0
1,1,1,0,0,360.0,1.0,1,8.752423403865594,0.0,8.752423403865594,5.170483995038151,0.4861111111111111,5838.888888888889,35.9375,0,1,0
1,1,0,0,0,360.0,1.0,0,9.889946281969461,8.569216219483389,10.126511096649761,6.3473892096560105,1.5833333333333333,23412.666666666668,43.77583187390543,1,0,0
0,0,0,0,1,360.0,1.0,1,9.66523036341187,0.0,9.66523036341187,4.02535169073515,0.1527777777777778,15606.222222222223,281.4107142857143,0,1,0
1,1,2,0,0,360.0,1.0,1,8.55371796609861,0.0,8.55371796609861,5.049856007249537,0.4305555555555556,4754.444444444444,33.23717948717949,0,1,0
1,1,2,0,1,300.0,1.0,1,9.140347000155648,8.971321471503682,9.752490228984199,5.942799375126701,1.2666666666666666,15929.333333333334,45.13385826771653,1,0,0
1,0,1,0,0,180.0,0.0,0,8.027150106832774,7.59488438721652,8.527143522269405,4.718498871295094,0.6166666666666667,4432.333333333333,45.080357142857146,0,0,1
0,0,0,0,0,360.0,1.0,1,7.9247959139564355,7.286191714702382,8.348537825386098,4.709530201312334,0.3055555555555556,3917.4444444444443,38.04504504504504,0,0,1
1,1,0,0,0,180.0,1.0,1,8.480114183174816,6.828712071641684,8.655388690167637,4.795790545596741,0.6666666666666666,5073.333333333333,47.43801652892562,0,0,1
1,1,3,0,0,360.0,1.0,1,9.076923258535832,8.516593011344206,9.52857589747142,4.875197323201151,0.3611111111111111,13384.888888888889,104.93129770992367,1,0,0
1,1,0,0,0,360.0,1.0,1,8.368925174747135,0.0,8.368925174747135,4.875197323201151,0.3611111111111111,3948.8888888888887,32.900763358778626,0,1,0
1,0,0,0,0,480.0,1.0,0,8.029432840581244,0.0,8.029432840581244,4.276666119016055,0.14791666666666667,2921.0833333333335,42.625,0,0,1
1,1,2,0,0,360.0,1.0,1,8.592671652592143,0.0,8.592671652592143,4.875197323201151,0.3611111111111111,5029.888888888889,41.152671755725194,0,0,1
1,1,0,0,0,360.0,1.0,1,8.111928063310739,7.824445930877619,8.671458150427666,4.859812404361672,0.35555555555555557,5477.444444444444,45.21705426356589,0,1,0
1,0,0,0,0,360.0,1.0,1,8.689801056022553,8.350666240520924,9.22759072538271,5.6937321388027,0.8222222222222222,9350.777777777777,34.25252525252525,0,1,0
0,0,0,0,0,360.0,1.0,1,8.699681400989514,0.0,8.699681400989514,5.056245805348308,0.43333333333333335,5566.666666666667,38.21656050955414,0,0,1
1,0,0,0,1,360.0,1.0,1,8.877381954654766,0.0,8.877381954654766,4.859812404361672,0.35555555555555557,6811.444444444444,55.55813953488372,0,0,1
1,1,2,0,0,360.0,1.0,0,8.426611813185,0.0,8.426611813185,4.61512051684126,0.2777777777777778,4288.222222222223,45.20792079207921,0,0,1
1,0,1,0,0,180.0,1.0,1,8.207401833376355,0.0,8.207401833376355,4.736198448394496,0.6277777777777778,3039.222222222222,32.166666666666664,0,0,1
1,0,0,1,0,360.0,1.0,1,7.760893195851024,7.3783837129967145,8.280711075662847,4.890349128221754,0.36666666666666664,3579.3333333333335,29.669172932330827,0,1,0
1,1,0,1,0,360.0,0.0,0,8.010027528481734,8.051022208190679,8.72371943690701,4.859812404361672,0.35555555555555557,5790.444444444444,47.64341085271318,0,0,1
1,1,0,0,0,360.0,1.0,1,7.755338812846501,7.790696031174738,8.46611040118692,4.919980925828125,0.37777777777777777,4372.222222222223,34.67153284671533,0,0,1
1,1,0,0,0,360.0,1.0,1,8.610501368549889,0.0,8.610501368549889,4.836281906951478,0.3472222222222222,5140.777777777777,43.55555555555556,1,0,0
1,0,3,0,0,360.0,1.0,1,9.12347443895452,0.0,9.12347443895452,5.225746673713202,0.5138888888888888,8653.111111111111,49.284946236559136,1,0,0
1,1,3,0,0,360.0,1.0,1,9.15957325492253,0.0,9.15957325492253,5.62040086571715,0.7638888888888888,8740.111111111111,34.43478260869565,1,0,0
1,1,0,0,0,360.0,1.0,1,7.857093864902493,7.65728279297819,8.455104999102815,4.795790545596741,0.3333333333333333,4364.666666666667,38.82644628099174,0,0,1
1,1,2,1,0,180.0,1.0,1,7.597897950521784,7.3938782901077555,8.193953023563742,4.736198448394496,0.6277777777777778,2990.222222222222,31.736842105263158,0,1,0
1,1,2,0,0,360.0,1.0,1,8.03947991910045,7.244941546337007,8.412054873292933,4.736198448394496,0.3138888888888889,4186.111111111111,39.473684210526315,0,0,1
1,1,2,0,0,360.0,1.0,1,8.094683648698815,6.184148890937483,8.232440158470336,4.912654885736052,0.375,3385.0,27.647058823529413,0,1,0
0,0,0,0,0,360.0,0.0,0,8.064950891749143,0.0,8.064950891749143,4.276666119016055,0.19722222222222222,2982.777777777778,44.166666666666664,0,0,1
1,1,0,0,0,360.0,1.0,1,8.017637159908478,7.286191714702382,8.41027590907016,4.564348191467836,0.2638888888888889,4228.111111111111,46.791666666666664,0,0,1
1,0,0,1,0,360.0,1.0,1,8.269500767180615,7.418780882750794,8.624970783589669,4.700480365792417,0.30277777777777776,5265.222222222223,50.61818181818182,1,0,0
0,0,0,0,0,360.0,0.0,0,7.313886831633462,7.496097345175956,8.101980731853192,4.6443908991413725,0.2861111111111111,3013.8888888888887,31.73076923076923,0,1,0
1,1,2,1,0,180.0,0.0,0,7.969011781106478,0.0,7.969011781106478,3.828641396489095,0.25,2639.0,62.80434782608695,0,0,1
1,0,0,1,0,300.0,1.0,0,7.9215356321335495,0.0,7.9215356321335495,4.189654742026425,0.21666666666666667,2538.3333333333335,41.74242424242424,1,0,0
1,0,0,0,0,360.0,1.0,1,7.824445930877619,9.90353755128617,10.021315031649332,4.6443908991413725,0.2861111111111111,22213.88888888889,216.34615384615384,0,1,0
0,0,0,1,0,360.0,1.0,1,7.582738488914411,0.0,7.582738488914411,3.9889840465642745,0.14722222222222223,1815.7777777777778,36.351851851851855,0,1,0
0,0,0,0,1,360.0,1.0,0,8.914894908906568,0.0,8.914894908906568,5.272999558563747,0.5388888888888889,6902.111111111111,38.15897435897436,1,0,0
0,0,0,0,0,360.0,1.0,1,8.422442854870427,0.0,8.422442854870427,4.7535901911063645,0.3194444444444444,4227.555555555556,39.19827586206897,0,1,0
1,1,0,1,0,360.0,1.0,1,7.681560362559537,7.783640596221253,8.426830751335846,4.7535901911063645,0.3194444444444444,4247.555555555556,39.37068965517241,0,0,1
0,0,0,1,0,360.0,1.0,1,7.7025561132685825,0.0,7.7025561132685825,4.204692619390966,0.18333333333333332,2029.6666666666667,33.02985074626866,1,0,0
1,1,1,0,0,300.0,0.0,0,9.024131268455035,0.0,9.024131268455035,5.030437921392435,0.5066666666666667,7793.333333333333,54.248366013071895,0,1,0
1,1,3,0,0,360.0,0.0,0,11.302216779257382,0.0,11.302216779257382,5.8888779583328805,1.0,80000.0,224.37673130193906,1,0,0
0,0,1,1,1,360.0,1.0,0,8.260492856573185,0.0,8.260492856573185,4.143134726391533,0.17222222222222222,3694.777777777778,61.38095238095238,0,1,0
1,1,0,0,0,360.0,1.0,1,8.741456115998364,0.0,8.741456115998364,5.081404364984463,0.4444444444444444,5811.555555555556,38.857142857142854,0,0,1
1,1,0,1,0,360.0,0.0,0,8.715552125907816,0.0,8.715552125907816,5.389071729816501,0.6055555555555555,5490.444444444444,27.835616438356166,1,0,0
1,1,0,1,0,360.0,1.0,1,7.720461694599722,7.617759576608505,8.363342466597977,4.709530201312334,0.3055555555555556,3980.4444444444443,38.612612612612615,1,0,0
0,1,0,1,0,360.0,0.0,0,7.673223121121708,8.08271113423758,8.591743922680534,5.187385805840755,0.49444444444444446,4891.555555555556,30.089385474860336,0,1,0
0,0,0,0,0,360.0,1.0,1,8.005033344637111,0.0,8.005033344637111,4.110873864173311,0.16666666666666666,2828.3333333333335,49.09836065573771,0,0,1
0,0,1,0,0,360.0,1.0,0,7.8636512654486515,0.0,7.8636512654486515,5.081404364984463,0.4444444444444444,2155.5555555555557,16.149068322981368,0,0,1
1,1,2,0,1,360.0,1.0,0,7.3783837129967145,9.90353755128617,9.980494888896912,5.480638923341991,0.6638888888888889,20936.11111111111,90.0,0,0,1
1,1,0,0,0,360.0,1.0,1,6.933423025730715,7.928045600874777,8.242493153187626,4.727387818712341,0.3111111111111111,3486.8888888888887,33.610619469026545,1,0,0
1,1,0,0,0,360.0,1.0,1,8.085486772102845,7.257002707092073,8.447628728030327,4.9344739331306915,0.38333333333333336,4279.666666666667,33.54676258992806,0,1,0
1,1,0,0,0,360.0,1.0,1,8.670772279344538,0.0,8.670772279344538,4.9344739331306915,0.38333333333333336,5445.666666666667,41.935251798561154,1,0,0
0,0,0,1,0,360.0,0.0,0,7.908754738783246,0.0,7.908754738783246,4.394449154672439,0.2222222222222222,2497.777777777778,33.58024691358025,0,0,1
1,1,0,0,0,360.0,1.0,1,7.507141079727608,7.450079569807499,8.17188200612782,4.61512051684126,0.2777777777777778,3261.222222222222,35.039603960396036,0,0,1
1,1,1,0,0,360.0,0.0,0,8.888894669371593,7.419380582918692,9.095826985187422,4.709530201312334,0.3055555555555556,8611.444444444445,80.33333333333333,0,0,1
1,1,0,0,0,360.0,1.0,1,9.60784051043005,0.0,9.60784051043005,4.574710978503383,0.26666666666666666,14613.333333333334,153.4020618556701,0,1,0
1,1,0,0,0,360.0,1.0,1,7.888709524182015,8.366602832783736,8.848939995030118,4.804021044733257,0.33611111111111114,6629.888888888889,57.09836065573771,1,0,0
0,0,1,1,0,360.0,1.0,0,8.435332164935916,0.0,8.435332164935916,4.406719247264253,0.225,4381.0,56.170731707317074,1,0,0
1,1,2,0,0,360.0,1.0,1,8.688790784847216,0.0,8.688790784847216,4.897839799950911,0.36944444444444446,5565.555555555556,44.291044776119406,0,1,0
1,1,0,0,0,360.0,1.0,1,7.979681302387741,2.8402474197790153,7.9851847886683345,4.477336814478207,0.24166666666666667,2694.4533341733336,33.365000009545454,1,0,0
1,0,0,1,0,180.0,1.0,1,7.907651594711089,0.0,7.907651594711089,4.110873864173311,0.3333333333333333,2383.6666666666665,44.540983606557376,0,0,1
0,0,1,0,1,360.0,1.0,1,9.062420241899561,0.0,9.062420241899561,5.017279836814924,0.4166666666666667,8207.333333333334,57.11258278145695,0,1,0
1,0,0,0,0,360.0,0.0,0,8.77971129020447,0.0,8.77971129020447,4.663439094112067,0.2916666666666667,6208.333333333333,61.320754716981135,1,0,0
1,0,0,0,0,360.0,1.0,1,9.463198053273784,0.0,9.463198053273784,6.0063531596017325,1.125,11751.0,31.714285714285715,0,1,0
1,1,0,0,0,360.0,1.0,1,7.793999089503996,7.75833346749091,8.469262657658687,4.969813299576001,0.3972222222222222,4367.777777777777,33.09027777777778,0,1,0
1,0,0,0,0,360.0,1.0,1,8.229777750081887,0.0,8.229777750081887,4.61512051684126,0.2777777777777778,3472.222222222222,37.12871287128713,0,0,1
0,1,0,0,0,240.0,1.0,1,9.21512888870798,0.0,9.21512888870798,4.859812404361672,0.5333333333333333,9513.666666666666,77.88372093023256,0,1,0
1,0,0,0,0,360.0,1.0,1,7.563719668414366,7.524021415206125,8.236950048061455,3.9318256327243257,0.1388888888888889,3638.1111111111113,74.05882352941177,0,1,0
1,1,0,0,0,360.0,1.0,1,7.7025561132685825,7.026426808699636,8.113426639943654,4.859812404361672,0.35555555555555557,2982.4444444444443,25.875968992248062,0,0,1
1,0,0,0,1,360.0,0.0,0,9.251194365984448,0.0,9.251194365984448,5.236441962829949,0.5194444444444445,9896.555555555555,55.40425531914894,0,0,1
0,1,0,1,1,360.0,1.0,1,8.873888135154973,0.0,8.873888135154973,4.9344739331306915,0.38333333333333336,6758.666666666667,51.381294964028775,1,0,0
1,0,0,0,0,360.0,1.0,1,8.205491613120236,8.530109416682784,9.073947747070628,5.236441962829949,0.5194444444444445,8204.555555555555,46.40425531914894,0,1,0
1,1,0,0,0,360.0,1.0,1,8.974871170971337,7.51425465281641,9.1834829178063,5.198497031265826,0.5,9234.0,53.77900552486188,1,0,0
1,0,3,1,0,360.0,1.0,1,8.457018468380168,7.597897950521784,8.81001204797317,5.003946305945459,0.4111111111111111,6288.888888888889,44.966442953020135,0,1,0
1,0,1,0,0,360.0,1.0,1,10.537945736747394,0.0,10.537945736747394,5.030437921392435,0.4222222222222222,37296.77777777778,246.52941176470588,0,1,0
1,1,0,0,0,300.0,1.0,1,8.900276348631271,9.0280988119824,9.659311868393488,5.170483995038151,0.5833333333333334,15082.666666666666,89.01136363636364,1,0,0
1,1,1,0,1,360.0,1.0,1,8.151044945685024,7.099201743553092,8.450412157725886,4.875197323201151,0.3611111111111111,4314.888888888889,35.69465648854962,1,0,0
1,1,2,1,0,360.0,1.0,1,8.445267451844648,0.0,8.445267451844648,4.709530201312334,0.3055555555555556,4346.444444444444,41.909909909909906,1,0,0
1,1,0,0,0,360.0,1.0,0,8.17188200612782,7.227662498728654,8.500250470685925,4.02535169073515,0.1527777777777778,4762.222222222223,87.76785714285714,1,0,0
1,1,2,0,0,360.0,0.0,0,8.114025442356757,7.444833273892193,8.527341522468053,5.017279836814924,0.4166666666666667,4633.333333333333,33.443708609271525,1,0,0
1,0,1,1,1,360.0,1.0,0,7.926602599181384,7.341483852363161,8.369157112588834,5.25227342804663,0.5277777777777778,3783.222222222222,22.57068062827225,0,1,0
1,1,2,1,0,360.0,0.0,0,7.745002803515839,7.135687347028144,8.178919332848396,4.836281906951478,0.3472222222222222,3216.777777777778,28.285714285714285,1,0,0
1,1,2,1,0,300.0,1.0,1,7.580189417944541,7.284134806195205,8.13593277200489,4.110873864173311,0.2,3214.0,55.967213114754095,0,0,1
1,1,0,0,0,360.0,0.0,0,8.28121766128665,7.458186157340487,8.645058562414134,5.0106352940962555,0.41388888888888886,5267.111111111111,37.873333333333335,1,0,0
1,1,0,0,0,180.0,0.0,1,7.81762544305337,7.810758116529357,8.507142855562735,4.51085950651685,0.5,4449.0,54.38461538461539,1,0,0
1,0,0,0,1,360.0,1.0,1,8.865876285425417,0.0,8.865876285425417,4.442651256490317,0.23333333333333334,6851.666666666667,83.3529411764706,0,1,0
1,1,2,0,0,360.0,1.0,1,8.258422462458876,0.0,8.258422462458876,4.574710978503383,0.26666666666666666,3592.3333333333335,39.78350515463917,0,1,0
1,1,0,0,0,360.0,1.0,1,8.366835309827675,0.0,8.366835309827675,4.77912349311153,0.3277777777777778,3973.222222222222,36.142857142857146,0,0,1
1,1,0,0,0,360.0,1.0,0,8.21851757748959,7.851661177889265,8.744806737401898,5.159055299214529,0.48055555555555557,5796.444444444444,36.07471264367816,0,0,1
1,0,2,0,0,360.0,1.0,1,8.379079889286603,0.0,8.379079889286603,4.919980925828125,0.37777777777777777,3976.222222222222,31.78102189781022,1,0,0
1,1,0,0,0,360.0,1.0,0,9.028218795184895,0.0,9.028218795184895,5.081404364984463,0.4444444444444444,7889.555555555556,51.7639751552795,0,1,0
1,1,0,0,1,360.0,1.0,1,7.642044402873258,8.314832179284556,8.726967774991493,5.081404364984463,0.4444444444444444,5721.555555555556,38.298136645962735,0,1,0
1,1,3,0,0,180.0,1.0,1,8.954286157204713,0.0,8.954286157204713,4.859812404361672,0.7111111111111111,7028.888888888889,60.0,0,0,1
1,1,0,0,0,360.0,1.0,1,8.011686729127847,7.691200097522863,8.557182839632397,5.0369526024136295,0.425,4778.0,33.785714285714285,1,0,0
0,0,1,1,0,360.0,1.0,1,8.554874258383926,0.0,8.554874258383926,4.890349128221754,0.36666666666666664,4824.333333333333,39.03007518796993,0,1,0
1,0,0,0,0,360.0,0.0,0,8.334951631422454,0.0,8.334951631422454,4.59511985013459,0.2722222222222222,3893.777777777778,42.08080808080808,0,1,0
1,0,0,0,0,360.0,1.0,1,8.699681400989514,0.0,8.699681400989514,4.948759890378168,0.3888888888888889,5611.111111111111,42.5531914893617,1,0,0
1,1,3,1,0,180.0,0.0,0,7.988882253309227,7.417580402414544,8.436416881388949,4.2626798770413155,0.3888888888888889,4222.111111111111,64.94366197183099,0,0,1
1,1,0,0,0,360.0,1.0,1,9.722744748855389,0.0,9.722744748855389,4.709530201312334,0.3055555555555556,16386.444444444445,150.3783783783784,0,1,0
0,1,2,1,0,360.0,1.0,1,5.351858133476067,7.978653729082731,8.048149101665201,4.59511985013459,0.2722222222222222,2854.777777777778,31.585858585858585,0,1,0
1,1,0,0,0,360.0,1.0,0,8.374246182096304,7.804659297056102,8.82246957226897,4.709530201312334,0.3055555555555556,6478.444444444444,61.11711711711712,0,0,1
1,1,1,0,1,360.0,1.0,1,8.146419323098003,7.640123172695364,8.61794309451638,5.093750200806762,0.45,5079.0,33.920245398773005,0,1,0
1,1,1,1,0,180.0,0.0,0,7.8838232148921525,7.313886831633462,8.331827004436057,4.736198448394496,0.6277777777777778,3525.222222222222,36.42982456140351,1,0,0
1,1,3,0,0,360.0,1.0,1,8.453614209773367,0.0,8.453614209773367,4.61512051684126,0.2777777777777778,4413.222222222223,46.445544554455445,0,1,0
0,0,0,0,1,360.0,1.0,1,7.824445930877619,0.0,7.824445930877619,4.543294782270004,0.25833333333333336,2241.6666666666665,26.595744680851062,0,0,1
1,0,2,0,0,360.0,1.0,1,8.618485442898109,8.444407421690585,9.228278517107196,5.093750200806762,0.45,9730.0,62.45398773006135,1,0,0
1,1,2,0,1,360.0,1.0,1,9.71269017726113,6.922643891475888,9.772239265926174,5.017279836814924,0.4166666666666667,17122.333333333332,116.1523178807947,1,0,0
1,1,2,0,0,300.0,1.0,1,8.81001204797317,7.467942332285852,9.042040056544483,5.442417710521793,0.7666666666666667,7683.333333333333,36.58008658008658,0,1,0
1,1,2,0,0,360.0,0.0,0,7.96346006663897,7.5352967024440884,8.465057436995709,4.890349128221754,0.36666666666666664,4378.333333333333,35.67669172932331,0,1,0
1,1,1,0,1,360.0,1.0,1,9.721245992542345,7.719129840906732,9.847869128773116,4.465908118654584,0.2388888888888889,18678.11111111111,217.4367816091954,0,1,0
1,1,2,0,0,360.0,1.0,0,7.988882253309227,7.38025578842646,8.423102268016642,4.859812404361672,0.35555555555555557,4194.444444444444,35.27131782945737,0,0,1
0,0,0,1,0,360.0,1.0,1,8.37816098272068,0.0,8.37816098272068,5.043425116919247,0.42777777777777776,3922.222222222222,28.06451612903226,1,0,0
1,1,3,1,0,360.0,1.0,1,8.037866234709618,0.0,8.037866234709618,4.736198448394496,0.3138888888888889,2781.1111111111113,27.149122807017545,1,0,0
1,1,0,0,0,360.0,1.0,1,7.642044402873258,8.055475141757274,8.562931083090092,4.859812404361672,0.35555555555555557,4877.444444444444,40.565891472868216,0,1,0
1,1,0,0,0,360.0,1.0,1,9.290444616217844,0.0,9.290444616217844,5.459585514144159,0.65,10183.0,46.09787234042553,0,1,0
1,1,2,0,0,360.0,1.0,1,9.0280988119824,0.0,9.0280988119824,5.5093883366279774,0.6833333333333333,7649.666666666667,33.73684210526316,0,1,0
1,1,1,1,0,360.0,1.0,1,7.580189417944541,7.798523053625206,8.388222810119277,4.882801922586371,0.3638888888888889,4030.1111111111113,33.28787878787879,1,0,0
1,0,2,0,0,360.0,0.0,0,8.17413934342947,0.0,8.17413934342947,4.394449154672439,0.2222222222222222,3324.777777777778,43.79012345679013,1,0,0
1,1,1,0,0,360.0,1.0,0,9.816512538521721,0.0,9.816512538521721,6.2166061010848646,1.3888888888888888,16944.11111111111,36.59281437125748,0,0,1
1,1,2,0,1,360.0,1.0,1,8.430327258394575,7.642044402873258,8.80492526261806,5.081404364984463,0.4444444444444444,6221.555555555556,41.40372670807454,0,1,0
1,0,0,0,0,360.0,1.0,0,7.798112628829788,0.0,7.798112628829788,4.330733340286331,0.20833333333333334,2226.6666666666665,32.03947368421053,0,0,1
1,0,0,1,0,360.0,1.0,1,7.90100705199242,7.932362154339751,8.609772372709331,4.574710978503383,0.26666666666666666,5217.333333333333,56.5360824742268,0,1,0
1,1,1,1,0,360.0,1.0,1,8.58185670474196,7.0317412587631285,8.774158291205957,5.231108616854587,0.5166666666666667,5947.333333333333,34.5668449197861,0,0,1
1,0,0,1,0,360.0,1.0,1,8.213923595622743,0.0,8.213923595622743,4.709530201312334,0.3055555555555556,3385.4444444444443,33.252252252252255,1,0,0
0,0,0,1,1,360.0,1.0,1,9.756378687497916,0.0,9.756378687497916,5.420534999272286,0.625,16638.0,76.38495575221239,0,1,0
1,1,0,0,0,360.0,0.0,0,8.188133414510478,7.67693714581808,8.657824321155983,4.787491742782046,0.33055555555555555,5423.444444444444,47.95,1,0,0
0,1,1,0,0,84.0,1.0,1,8.109826276018477,6.81783057145415,8.352318548226004,4.663439094112067,1.25,2989.0,39.990566037735846,0,1,0
1,1,0,1,0,360.0,1.0,1,7.8636512654486515,7.438971592395862,8.366602832783736,4.68213122712422,0.2972222222222222,4002.777777777778,39.81481481481482,1,0,0
1,1,0,0,0,12.0,1.0,1,8.439447842791385,7.957877358489813,8.920389060080359,4.718498871295094,9.25,-1768.0,66.80357142857143,0,0,1
1,1,1,0,1,360.0,1.0,1,7.971085753505607,0.0,7.971085753505607,4.564348191467836,0.2638888888888889,2631.1111111111113,30.15625,0,1,0
1,0,0,0,0,360.0,0.0,0,8.745761999375512,8.393216011596527,9.277999020449997,5.3471075307174685,0.5805555555555556,10118.444444444445,50.94761904761905,1,0,0
0,0,0,0,0,480.0,1.0,1,6.470799503782602,8.211754397375197,8.37309184744198,4.736198448394496,0.23541666666666666,4092.5833333333335,37.96491228070175,1,0,0
0,0,0,0,0,360.0,1.0,1,8.058327306580958,0.0,8.058327306580958,4.61512051684126,0.2777777777777778,2881.222222222222,31.277227722772277,0,1,0
1,1,2,0,0,360.0,1.0,1,8.490027523343468,8.63497622707262,9.258177701390343,5.342334251964811,0.5777777777777777,9911.222222222223,50.186602870813395,0,1,0
1,1,1,1,0,360.0,1.0,0,8.30671904320269,8.57602797713713,9.143452426434552,4.9344739331306915,0.38333333333333336,8968.666666666666,67.28057553956835,1,0,0
1,1,0,1,0,300.0,1.0,1,8.246695943718557,7.302496423727326,8.575084669832014,4.8283137373023015,0.41333333333333333,4883.666666666667,42.376,0,1,0
1,1,2,0,0,360.0,1.0,1,8.163656176168432,8.393216011596527,8.978029932837156,5.497168225293202,0.675,7251.0,32.48360655737705,1,0,0
1,1,0,0,0,360.0,1.0,1,9.944341546544393,8.805075243870684,10.221977646629885,6.175867270105761,1.3333333333333333,26166.666666666668,57.17255717255717,0,0,1
1,0,0,0,0,360.0,1.0,0,8.18423477409482,0.0,8.18423477409482,4.574710978503383,0.26666666666666666,3316.3333333333335,36.93814432989691,0,0,1
1,1,0,0,1,360.0,1.0,1,7.8160138391590275,8.01102337918644,8.61122983334262,5.241747015059643,0.5222222222222223,4969.777777777777,29.058201058201057,0,0,1
0,0,1,0,0,360.0,1.0,1,9.492733482494353,0.0,9.492733482494353,3.713572066704308,0.1111111111111111,13150.888888888889,323.4634146341463,0,0,1
1,0,0,1,0,360.0,1.0,0,8.188411308079031,7.160845906664299,8.494129251817686,4.61512051684126,0.2777777777777778,4607.222222222223,48.366336633663366,1,0,0
1,1,1,0,0,360.0,1.0,1,8.710454688248527,7.60339933974067,8.995908761263994,5.5254529391317835,0.6944444444444444,7374.555555555556,32.147410358565736,0,1,0
1,1,2,0,0,360.0,1.0,1,8.096817470572319,7.618742377670413,8.579040594742317,5.003946305945459,0.4111111111111111,4906.888888888889,35.691275167785236,0,0,1
1,1,0,0,0,180.0,1.0,0,7.664346632098617,8.80492526261806,9.082166033252674,4.2626798770413155,0.3888888888888889,8407.111111111111,123.88732394366197,0,1,0
1,0,0,0,0,360.0,1.0,0,8.668368019213355,8.207129168071326,9.157150543462064,5.7430031878094825,0.8638888888888889,8617.111111111111,30.387820512820515,1,0,0
1,1,3,0,0,360.0,1.0,1,8.151044945685024,8.14002395246292,8.838551790227402,5.017279836814924,0.4166666666666667,6477.333333333333,45.65562913907285,1,0,0
0,1,2,0,0,480.0,1.0,1,7.616775808698373,7.398174092970465,8.20631072579402,4.736198448394496,0.23541666666666666,3427.5833333333335,32.13157894736842,0,1,0
1,1,0,1,0,360.0,0.0,0,8.031060180240619,7.496097345175956,8.491875383431948,4.820281565605037,0.3416666666666667,4532.333333333333,39.306451612903224,0,1,0
1,0,0,0,0,360.0,1.0,0,8.451907724717607,7.557994958530806,8.794673401383422,5.225746673713202,0.5138888888888888,6084.111111111111,35.473118279569896,0,1,0
0,0,0,1,0,360.0,1.0,0,8.131824785007195,0.0,8.131824785007195,4.564348191467836,0.2638888888888889,3136.1111111111113,35.416666666666664,1,0,0
1,1,2,1,0,360.0,1.0,1,7.693025748417888,7.463363045520021,8.277666160851503,3.828641396489095,0.125,3809.0,85.52173913043478,0,1,0
1,0,0,0,0,360.0,1.0,1,7.824445930877619,0.0,7.824445930877619,4.02535169073515,0.1527777777777778,2347.222222222222,44.642857142857146,0,1,0
1,1,3,0,1,360.0,1.0,1,8.644354337032917,7.261927092702751,8.868131713503033,4.61512051684126,0.2777777777777778,6823.222222222223,70.3069306930693,1,0,0
1,1,2,0,1,360.0,1.0,1,8.980801413573113,8.877242435993919,9.623442907213558,6.175867270105761,1.3333333333333333,13780.666666666666,31.422037422037423,1,0,0
1,0,0,0,0,360.0,1.0,0,8.45126704130007,7.643961949002529,8.81996090128606,4.859812404361672,0.35555555555555557,6411.444444444444,52.457364341085274,0,1,0
1,1,2,0,1,360.0,1.0,1,9.770013301136158,0.0,9.770013301136158,5.993961427306569,1.1111111111111112,16388.88888888889,43.64089775561097,1,0,0
1,1,0,0,0,360.0,1.0,1,8.236420527265391,0.0,8.236420527265391,4.709530201312334,0.3055555555555556,3469.4444444444443,34.009009009009006,0,1,0
1,1,1,1,0,360.0,0.0,1,8.572817095164234,7.266128779556451,8.812248018197431,5.087596335232384,0.44722222222222224,6267.777777777777,41.45061728395062,0,1,0
1,0,1,1,0,360.0,1.0,1,7.893572073504902,7.172424577124845,8.289539484624141,4.553876891600541,0.2611111111111111,3719.8888888888887,41.90526315789474,0,1,0
1,0,0,1,0,360.0,1.0,1,8.822322177471738,0.0,8.822322177471738,4.875197323201151,0.3611111111111111,6421.888888888889,51.778625954198475,0,1,0
1,1,0,0,0,360.0,1.0,1,6.933423025730715,8.612685172875459,8.783549477153265,5.37989735354046,0.6,5925.0,30.069124423963135,1,0,0
1,1,3,0,0,360.0,1.0,1,8.362175469149628,0.0,8.362175469149628,4.61512051684126,0.2777777777777778,4003.222222222222,42.386138613861384,0,0,1
1,0,2,0,0,360.0,0.0,0,8.185628891147607,0.0,8.185628891147607,4.709530201312334,0.3055555555555556,3282.4444444444443,32.32432432432432,1,0,0
1,0,1,0,0,360.0,1.0,0,9.328212292571072,0.0,9.328212292571072,5.2832037287379885,0.5444444444444444,10705.555555555555,57.10659898477157,0,1,0
0,0,0,1,1,360.0,1.0,1,9.80730699406216,0.0,9.80730699406216,4.836281906951478,0.3472222222222222,17817.777777777777,144.16666666666666,0,0,1
1,0,0,1,0,360.0,1.0,1,7.844240718141811,7.622174594817622,8.432288684325794,4.844187086458591,0.35,4242.0,36.15748031496063,1,0,0
1,1,0,0,0,360.0,1.0,1,8.721602344674197,8.27052509505507,9.214332393245721,5.783825182329737,0.9,9139.0,30.889230769230767,0,0,1
1,0,2,0,0,360.0,1.0,1,8.193676665955241,0.0,8.193676665955241,4.68213122712422,0.2972222222222222,3319.777777777778,33.49074074074074,0,1,0
1,1,0,1,0,360.0,1.0,0,7.978653729082731,6.285998094508865,8.147288258706624,4.204692619390966,0.18333333333333332,3269.6666666666665,51.53731343283582,1,0,0
1,1,3,0,0,180.0,1.0,1,8.766861821669803,0.0,8.766861821669803,5.062595033026967,0.8722222222222222,5544.777777777777,40.61392405063291,1,0,0
0,1,1,0,0,180.0,1.0,1,8.435766192720509,7.953669778649798,8.916506080039204,4.948759890378168,0.7777777777777778,6675.222222222223,52.858156028368796,0,1,0
0,0,0,0,0,360.0,0.0,0,7.668093709082406,0.0,7.668093709082406,4.605170185988092,0.275,1863.0,21.38,0,1,0
0,0,1,0,0,360.0,1.0,1,8.203304026795282,0.0,8.203304026795282,4.564348191467836,0.2638888888888889,3388.1111111111113,38.041666666666664,0,1,0
1,1,1,1,0,360.0,1.0,1,7.7142311448490855,7.83399634170946,8.46884293047519,4.859812404361672,0.35555555555555557,4407.444444444444,36.92248062015504,0,0,1
0,1,0,1,0,360.0,1.0,1,8.012349639327795,6.498282149476434,8.210939733379021,4.634728988229636,0.2833333333333333,3396.6666666666665,35.728155339805824,0,1,0
1,1,0,0,0,360.0,1.0,1,7.926241523170962,7.576097340623111,8.459352191726387,5.049856007249537,0.4305555555555556,4287.444444444444,30.243589743589745,1,0,0
1,0,0,1,0,36.0,1.0,0,8.119398589612294,0.0,8.119398589612294,4.394449154672439,2.2222222222222223,1135.7777777777778,41.45679012345679,0,1,0
1,0,0,0,0,360.0,1.0,1,7.834788107388194,7.486613313139955,8.368693183097793,4.983606621708336,0.4027777777777778,3906.222222222222,29.513698630136986,1,0,0
0,0,0,0,0,360.0,0.0,0,8.517393171418904,0.0,8.517393171418904,4.6443908991413725,0.2861111111111111,4713.888888888889,48.07692307692308,0,1,0
1,1,0,0,0,360.0,1.0,1,7.932362154339751,7.6093665379542115,8.4767877767812,4.709530201312334,0.3055555555555556,4495.444444444444,43.252252252252255,1,0,0
1,1,2,0,1,360.0,0.0,0,8.799963219506997,0.0,8.799963219506997,4.859812404361672,0.35555555555555557,6277.444444444444,51.41860465116279,1,0,0
1,1,1,1,0,360.0,1.0,1,7.821242083523558,7.773173680482536,8.490438454107418,4.859812404361672,0.35555555555555557,4511.444444444444,37.72868217054263,1,0,0
1,1,1,0,0,360.0,1.0,1,8.111928063310739,8.086717920303906,8.792397742356906,5.0689042022202315,0.4388888888888889,6144.111111111111,41.40251572327044,0,0,1
1,1,0,1,0,360.0,0.0,0,7.805882040228621,7.755338812846501,8.473868066677865,5.204006687076795,0.5027777777777778,4284.222222222223,26.302197802197803,0,0,1
1,1,0,0,0,180.0,0.0,0,8.187021067343505,8.358666283188,8.969541885423252,4.890349128221754,0.7333333333333333,7125.666666666667,59.090225563909776,1,0,0
1,1,1,0,0,360.0,1.0,1,8.606851063346772,6.940222469119639,8.77971129020447,3.295836866004329,0.07222222222222222,6427.777777777777,240.74074074074073,0,1,0
0,0,0,0,0,360.0,1.0,1,7.889084407035514,7.3938782901077555,8.36474106822456,4.442651256490317,0.23333333333333334,4058.6666666666665,50.49411764705882,0,0,1
1,1,3,0,1,360.0,1.0,1,9.224243277145174,0.0,9.224243277145174,5.564520407322694,0.7222222222222222,9416.777777777777,38.84674329501916,0,1,0
1,1,0,0,0,360.0,1.0,1,8.265650165580329,7.8898337513942955,8.788288460263619,5.093750200806762,0.45,6106.0,40.22085889570552,0,1,0
0,1,0,0,0,360.0,1.0,1,8.338305731356565,7.7437032581737535,8.777555453213056,5.209486152841421,0.5055555555555555,5980.444444444444,35.442622950819676,0,1,0
1,1,2,1,0,360.0,1.0,1,8.209580483475577,5.493061443340548,8.273336598504486,4.6913478822291435,0.3,3617.0,35.93577981651376,0,1,0
0,1,1,0,1,360.0,1.0,1,9.87740021777281,0.0,9.87740021777281,6.398594934535208,1.6666666666666667,17817.333333333332,32.41930116472546,0,1,0
1,1,0,0,0,360.0,1.0,1,8.68676717538769,7.628031126930335,8.984443032465352,5.356586274672012,0.5861111111111111,7390.888888888889,37.62735849056604,1,0,0
1,0,0,1,1,360.0,1.0,1,8.665785595466064,0.0,8.665785595466064,4.890349128221754,0.36666666666666664,5433.333333333333,43.609022556390975,0,1,0
1,1,2,0,0,360.0,0.0,0,9.082507000466299,0.0,9.082507000466299,5.556828061699537,0.7166666666666667,8082.333333333333,33.972972972972975,0,0,1
1,1,0,1,0,360.0,1.0,1,8.404696160189092,0.0,8.404696160189092,4.795790545596741,0.3333333333333333,4133.666666666667,36.917355371900825,1,0,0
1,0,0,0,0,360.0,1.0,1,8.111928063310739,0.0,8.111928063310739,4.2626798770413155,0.19444444444444445,3138.5555555555557,46.943661971830984,0,0,1
1,1,3,0,0,360.0,0.0,0,8.131824785007195,7.824445930877619,8.682877107057168,4.820281565605037,0.3416666666666667,5558.333333333333,47.58064516129032,1,0,0
0,0,0,0,0,360.0,1.0,0,7.774435510302958,0.0,7.774435510302958,2.302585092994046,0.025,2353.0,237.8,0,0,1
1,1,0,0,0,360.0,0.0,0,8.06054004653864,7.632885505395133,8.562357743370612,4.653960350157523,0.28888888888888886,4941.111111111111,49.80952380952381,0,0,1
1,1,1,0,0,360.0,1.0,1,8.136810863675537,7.467942332285852,8.550241045462437,5.231108616854587,0.5166666666666667,4650.333333333333,27.63101604278075,0,0,1
1,1,0,0,0,360.0,0.0,0,8.540323608805092,7.280697195384741,8.789964651132264,5.111987788356544,0.4583333333333333,6108.666666666667,39.56024096385542,0,0,1
1,1,2,0,0,360.0,1.0,1,9.721185995542177,0.0,9.721185995542177,5.62040086571715,0.7638888888888888,15902.111111111111,60.38405797101449,0,0,1
1,1,2,1,0,480.0,1.0,0,8.72029728739272,7.3938782901077555,8.955577146281511,5.236441962829949,0.38958333333333334,7360.416666666667,41.223404255319146,0,1,0
1,1,3,0,0,360.0,1.0,0,8.765146421639022,0.0,8.765146421639022,5.017279836814924,0.4166666666666667,5989.333333333333,42.42384105960265,0,1,0
1,1,2,0,0,84.0,1.0,1,8.058327306580958,6.135564891081739,8.19450550976564,4.6913478822291435,1.2857142857142858,2334.285714285714,33.211009174311926,0,0,1
1,1,0,0,0,360.0,0.0,0,8.035278911144667,7.701200180857446,8.575084669832014,4.919980925828125,0.37777777777777777,4919.222222222223,38.66423357664234,0,1,0
1,0,0,0,0,360.0,1.0,1,8.080237416216702,7.9157131993821155,8.69433468816865,4.709530201312334,0.3055555555555556,5662.444444444444,53.765765765765764,0,0,1
1,1,1,0,0,360.0,1.0,1,7.48605261786314,7.711101251840158,8.297792626380861,4.68213122712422,0.2972222222222222,3716.777777777778,37.166666666666664,1,0,0
1,0,0,0,0,360.0,1.0,1,8.065579427282092,7.978653729082731,8.716044050161402,5.087596335232384,0.44722222222222224,5651.777777777777,37.648148148148145,0,0,1
1,1,2,0,0,360.0,1.0,1,8.785845337961213,0.0,8.785845337961213,5.327876168789581,0.5694444444444444,5970.555555555556,31.74757281553398,0,1,0
1,0,0,0,0,360.0,1.0,0,7.515889085215125,10.429339710318741,10.482177411118249,4.51085950651685,0.25,35423.0,392.010989010989,0,0,1
0,1,0,0,0,360.0,1.0,1,8.06054004653864,0.0,8.06054004653864,3.6109179126442243,0.1,3066.0,85.56756756756756,0,1,0
1,1,1,0,0,360.0,1.0,0,7.53955882930103,0.0,7.53955882930103,4.127134385045092,0.16944444444444445,1710.5555555555557,30.322580645161292,1,0,0
1,1,1,0,0,360.0,0.0,0,7.933079771880415,7.559038255443384,8.45638105201948,4.990432586778736,0.40555555555555556,4298.444444444444,32.0,1,0,0
1,1,1,0,0,84.0,1.0,0,8.36264243156764,8.006700845440367,8.8934354408475,5.153291594497779,2.0476190476190474,5235.380952380952,42.09826589595376,1,0,0
1,1,0,0,0,360.0,1.0,1,7.739794458408701,7.328437352895162,8.24800570160062,4.653960350157523,0.28888888888888886,3530.1111111111113,36.371428571428574,0,0,1
0,0,0,1,0,360.0,1.0,1,7.680637427560936,0.0,7.680637427560936,4.2626798770413155,0.19444444444444445,1970.5555555555557,30.492957746478872,0,1,0
1,0,0,0,0,360.0,1.0,1,8.46611040118692,0.0,8.46611040118692,4.553876891600541,0.2611111111111111,4488.888888888889,50.0,0,1,0
1,1,2,0,1,360.0,0.0,0,7.910957382845589,0.0,7.910957382845589,4.672828834461906,0.29444444444444445,2431.5555555555557,25.476635514018692,0,1,0
1,1,0,0,0,180.0,1.0,1,8.006700845440367,8.136518252115291,8.766705997750515,4.04305126783455,0.3111111111111111,6104.888888888889,112.56140350877193,0,1,0
1,1,2,0,1,240.0,1.0,0,8.699681400989514,0.0,8.699681400989514,5.327876168789581,0.8541666666666666,5145.833333333333,29.12621359223301,0,1,0
1,0,3,0,1,360.0,1.0,1,9.143986871426161,0.0,9.143986871426161,5.680172609017068,0.8111111111111111,8545.888888888889,31.935153583617748,0,1,0
1,1,0,0,0,180.0,1.0,1,8.258422462458876,8.101980731853192,8.87626525995469,4.962844630259907,0.7888888888888889,6370.111111111111,50.06293706293706,1,0,0
1,1,0,0,1,360.0,1.0,1,9.687878048875998,0.0,9.687878048875998,5.564520407322694,0.7222222222222222,15397.777777777777,61.76245210727969,0,0,1
1,0,0,1,0,360.0,1.0,1,8.251663923605589,0.0,8.251663923605589,4.709530201312334,0.3055555555555556,3527.4444444444443,34.531531531531535,1,0,0
1,1,2,1,1,360.0,1.0,0,8.761550139129644,6.90875477931522,8.907070776182689,5.236441962829949,0.5194444444444445,6863.555555555556,39.27127659574468,1,0,0
1,0,0,0,0,360.0,0.0,0,8.002359546252707,0.0,8.002359546252707,4.48863636973214,0.24444444444444444,2742.5555555555557,33.561797752808985,0,1,0
1,1,0,0,1,360.0,1.0,1,9.20673387638207,0.0,9.20673387638207,5.198497031265826,0.5,9463.0,55.04419889502763,1,0,0
1,1,2,0,0,360.0,1.0,1,8.662331957082475,0.0,8.662331957082475,5.262690188904886,0.5333333333333333,5246.666666666667,29.94818652849741,0,0,1
0,0,3,0,0,180.0,1.0,0,6.0330862217988015,10.637488727104339,10.647422899928179,5.860786223465865,1.9444444444444444,40138.555555555555,119.8945868945869,0,0,1
1,1,0,1,0,360.0,1.0,1,7.970740390007095,7.934871565945177,8.645938147306799,5.049856007249537,0.4305555555555556,5255.444444444444,36.44871794871795,1,0,0
1,1,3,0,0,360.0,1.0,1,8.648922962094131,0.0,8.648922962094131,4.859812404361672,0.35555555555555557,5347.444444444444,44.2093023255814,0,0,1
1,0,0,0,0,360.0,1.0,1,8.209852481301272,8.366835309827675,8.984443032465352,5.153291594497779,0.4777777777777778,7499.222222222223,46.10982658959538,1,0,0
0,1,1,0,0,360.0,1.0,1,9.392745258631441,0.0,9.392745258631441,6.208590026096629,1.3777777777777778,10622.222222222223,24.14486921529175,0,1,0
1,1,0,1,0,180.0,1.0,0,7.783640596221253,8.24301946898925,8.732465848349879,4.859812404361672,0.7111111111111111,5488.888888888889,48.06201550387597,0,0,1
1,1,1,0,0,360.0,1.0,1,8.131824785007195,7.824445930877619,8.682877107057168,5.159055299214529,0.48055555555555557,5419.444444444444,33.9080459770115,0,1,0
1,1,2,1,0,360.0,1.0,1,8.291045131081729,7.252762418053187,8.593969030218288,5.062595033026967,0.4361111111111111,4961.888888888889,34.164556962025316,1,0,0
1,1,0,0,0,360.0,1.0,1,8.081165777725433,7.576097340623111,8.553139318189707,4.6913478822291435,0.3,4882.0,47.54128440366973,1,0,0
0,0,0,0,0,360.0,1.0,1,7.972810784121404,0.0,7.972810784121404,4.276666119016055,0.19722222222222222,2702.777777777778,40.27777777777778,1,0,0
1,1,3,0,0,180.0,1.0,1,8.320448113956559,0.0,8.320448113956559,3.713572066704308,0.2222222222222222,3883.777777777778,100.14634146341463,1,0,0
1,1,1,0,0,360.0,1.0,1,8.996280439395015,5.484796933490655,9.025575833531088,5.537334267018537,0.7027777777777777,7609.222222222223,32.724409448818896,0,0,1
1,1,2,0,0,360.0,1.0,1,8.933796043934858,0.0,8.933796043934858,5.236441962829949,0.5194444444444445,7063.555555555556,40.33510638297872,0,0,1
0,0,0,0,1,360.0,0.0,0,8.430327258394575,0.0,8.430327258394575,4.897839799950911,0.36944444444444446,4213.555555555556,34.201492537313435,0,1,0
